--
-- PostgreSQL database dump
--

-- Dumped from database version 16.8 (Ubuntu 16.8-0ubuntu0.24.04.1)
-- Dumped by pg_dump version 16.8 (Ubuntu 16.8-0ubuntu0.24.04.1)

SET statement_timeout = 0;
SET lock_timeout = 0;
SET idle_in_transaction_session_timeout = 0;
SET client_encoding = 'UTF8';
SET standard_conforming_strings = on;
SELECT pg_catalog.set_config('search_path', '', false);
SET check_function_bodies = false;
SET xmloption = content;
SET client_min_messages = warning;
SET row_security = off;

SET default_tablespace = '';

SET default_table_access_method = heap;

--
-- Name: authApp_customuser; Type: TABLE; Schema: public; Owner: tarxemo
--

CREATE TABLE public."authApp_customuser" (
    id bigint NOT NULL,
    password character varying(128) NOT NULL,
    last_login timestamp with time zone,
    is_superuser boolean NOT NULL,
    username character varying(150) NOT NULL,
    first_name character varying(150) NOT NULL,
    last_name character varying(150) NOT NULL,
    email character varying(254) NOT NULL,
    is_staff boolean NOT NULL,
    is_active boolean NOT NULL,
    date_joined timestamp with time zone NOT NULL,
    phone_number character varying(15),
    address text,
    profile_picture character varying(100),
    date_of_birth date,
    is_verified boolean NOT NULL,
    is_online boolean NOT NULL,
    user_type character varying(20) NOT NULL
);


ALTER TABLE public."authApp_customuser" OWNER TO tarxemo;

--
-- Name: authApp_customuser_groups; Type: TABLE; Schema: public; Owner: tarxemo
--

CREATE TABLE public."authApp_customuser_groups" (
    id bigint NOT NULL,
    customuser_id bigint NOT NULL,
    group_id integer NOT NULL
);


ALTER TABLE public."authApp_customuser_groups" OWNER TO tarxemo;

--
-- Name: authApp_customuser_groups_id_seq; Type: SEQUENCE; Schema: public; Owner: tarxemo
--

ALTER TABLE public."authApp_customuser_groups" ALTER COLUMN id ADD GENERATED BY DEFAULT AS IDENTITY (
    SEQUENCE NAME public."authApp_customuser_groups_id_seq"
    START WITH 1
    INCREMENT BY 1
    NO MINVALUE
    NO MAXVALUE
    CACHE 1
);


--
-- Name: authApp_customuser_id_seq; Type: SEQUENCE; Schema: public; Owner: tarxemo
--

ALTER TABLE public."authApp_customuser" ALTER COLUMN id ADD GENERATED BY DEFAULT AS IDENTITY (
    SEQUENCE NAME public."authApp_customuser_id_seq"
    START WITH 1
    INCREMENT BY 1
    NO MINVALUE
    NO MAXVALUE
    CACHE 1
);


--
-- Name: authApp_customuser_user_permissions; Type: TABLE; Schema: public; Owner: tarxemo
--

CREATE TABLE public."authApp_customuser_user_permissions" (
    id bigint NOT NULL,
    customuser_id bigint NOT NULL,
    permission_id integer NOT NULL
);


ALTER TABLE public."authApp_customuser_user_permissions" OWNER TO tarxemo;

--
-- Name: authApp_customuser_user_permissions_id_seq; Type: SEQUENCE; Schema: public; Owner: tarxemo
--

ALTER TABLE public."authApp_customuser_user_permissions" ALTER COLUMN id ADD GENERATED BY DEFAULT AS IDENTITY (
    SEQUENCE NAME public."authApp_customuser_user_permissions_id_seq"
    START WITH 1
    INCREMENT BY 1
    NO MINVALUE
    NO MAXVALUE
    CACHE 1
);


--
-- Name: auth_group; Type: TABLE; Schema: public; Owner: tarxemo
--

CREATE TABLE public.auth_group (
    id integer NOT NULL,
    name character varying(150) NOT NULL
);


ALTER TABLE public.auth_group OWNER TO tarxemo;

--
-- Name: auth_group_id_seq; Type: SEQUENCE; Schema: public; Owner: tarxemo
--

ALTER TABLE public.auth_group ALTER COLUMN id ADD GENERATED BY DEFAULT AS IDENTITY (
    SEQUENCE NAME public.auth_group_id_seq
    START WITH 1
    INCREMENT BY 1
    NO MINVALUE
    NO MAXVALUE
    CACHE 1
);


--
-- Name: auth_group_permissions; Type: TABLE; Schema: public; Owner: tarxemo
--

CREATE TABLE public.auth_group_permissions (
    id bigint NOT NULL,
    group_id integer NOT NULL,
    permission_id integer NOT NULL
);


ALTER TABLE public.auth_group_permissions OWNER TO tarxemo;

--
-- Name: auth_group_permissions_id_seq; Type: SEQUENCE; Schema: public; Owner: tarxemo
--

ALTER TABLE public.auth_group_permissions ALTER COLUMN id ADD GENERATED BY DEFAULT AS IDENTITY (
    SEQUENCE NAME public.auth_group_permissions_id_seq
    START WITH 1
    INCREMENT BY 1
    NO MINVALUE
    NO MAXVALUE
    CACHE 1
);


--
-- Name: auth_permission; Type: TABLE; Schema: public; Owner: tarxemo
--

CREATE TABLE public.auth_permission (
    id integer NOT NULL,
    name character varying(255) NOT NULL,
    content_type_id integer NOT NULL,
    codename character varying(100) NOT NULL
);


ALTER TABLE public.auth_permission OWNER TO tarxemo;

--
-- Name: auth_permission_id_seq; Type: SEQUENCE; Schema: public; Owner: tarxemo
--

ALTER TABLE public.auth_permission ALTER COLUMN id ADD GENERATED BY DEFAULT AS IDENTITY (
    SEQUENCE NAME public.auth_permission_id_seq
    START WITH 1
    INCREMENT BY 1
    NO MINVALUE
    NO MAXVALUE
    CACHE 1
);


--
-- Name: django_admin_log; Type: TABLE; Schema: public; Owner: tarxemo
--

CREATE TABLE public.django_admin_log (
    id integer NOT NULL,
    action_time timestamp with time zone NOT NULL,
    object_id text,
    object_repr character varying(200) NOT NULL,
    action_flag smallint NOT NULL,
    change_message text NOT NULL,
    content_type_id integer,
    user_id bigint NOT NULL,
    CONSTRAINT django_admin_log_action_flag_check CHECK ((action_flag >= 0))
);


ALTER TABLE public.django_admin_log OWNER TO tarxemo;

--
-- Name: django_admin_log_id_seq; Type: SEQUENCE; Schema: public; Owner: tarxemo
--

ALTER TABLE public.django_admin_log ALTER COLUMN id ADD GENERATED BY DEFAULT AS IDENTITY (
    SEQUENCE NAME public.django_admin_log_id_seq
    START WITH 1
    INCREMENT BY 1
    NO MINVALUE
    NO MAXVALUE
    CACHE 1
);


--
-- Name: django_content_type; Type: TABLE; Schema: public; Owner: tarxemo
--

CREATE TABLE public.django_content_type (
    id integer NOT NULL,
    app_label character varying(100) NOT NULL,
    model character varying(100) NOT NULL
);


ALTER TABLE public.django_content_type OWNER TO tarxemo;

--
-- Name: django_content_type_id_seq; Type: SEQUENCE; Schema: public; Owner: tarxemo
--

ALTER TABLE public.django_content_type ALTER COLUMN id ADD GENERATED BY DEFAULT AS IDENTITY (
    SEQUENCE NAME public.django_content_type_id_seq
    START WITH 1
    INCREMENT BY 1
    NO MINVALUE
    NO MAXVALUE
    CACHE 1
);


--
-- Name: django_migrations; Type: TABLE; Schema: public; Owner: tarxemo
--

CREATE TABLE public.django_migrations (
    id bigint NOT NULL,
    app character varying(255) NOT NULL,
    name character varying(255) NOT NULL,
    applied timestamp with time zone NOT NULL
);


ALTER TABLE public.django_migrations OWNER TO tarxemo;

--
-- Name: django_migrations_id_seq; Type: SEQUENCE; Schema: public; Owner: tarxemo
--

ALTER TABLE public.django_migrations ALTER COLUMN id ADD GENERATED BY DEFAULT AS IDENTITY (
    SEQUENCE NAME public.django_migrations_id_seq
    START WITH 1
    INCREMENT BY 1
    NO MINVALUE
    NO MAXVALUE
    CACHE 1
);


--
-- Name: django_session; Type: TABLE; Schema: public; Owner: tarxemo
--

CREATE TABLE public.django_session (
    session_key character varying(40) NOT NULL,
    session_data text NOT NULL,
    expire_date timestamp with time zone NOT NULL
);


ALTER TABLE public.django_session OWNER TO tarxemo;

--
-- Name: patient_appointment; Type: TABLE; Schema: public; Owner: tarxemo
--

CREATE TABLE public.patient_appointment (
    id bigint NOT NULL,
    date_time timestamp with time zone NOT NULL,
    location character varying(255) NOT NULL,
    status character varying(20) NOT NULL,
    notes text,
    doctor_id bigint NOT NULL,
    patient_id bigint NOT NULL
);


ALTER TABLE public.patient_appointment OWNER TO tarxemo;

--
-- Name: patient_appointment_id_seq; Type: SEQUENCE; Schema: public; Owner: tarxemo
--

ALTER TABLE public.patient_appointment ALTER COLUMN id ADD GENERATED BY DEFAULT AS IDENTITY (
    SEQUENCE NAME public.patient_appointment_id_seq
    START WITH 1
    INCREMENT BY 1
    NO MINVALUE
    NO MAXVALUE
    CACHE 1
);


--
-- Name: patient_consultation; Type: TABLE; Schema: public; Owner: tarxemo
--

CREATE TABLE public.patient_consultation (
    id bigint NOT NULL,
    status character varying(20) NOT NULL,
    created_at timestamp with time zone NOT NULL,
    updated_at timestamp with time zone NOT NULL,
    disease_id bigint,
    doctor_id bigint,
    patient_id bigint NOT NULL
);


ALTER TABLE public.patient_consultation OWNER TO tarxemo;

--
-- Name: patient_consultation_id_seq; Type: SEQUENCE; Schema: public; Owner: tarxemo
--

ALTER TABLE public.patient_consultation ALTER COLUMN id ADD GENERATED BY DEFAULT AS IDENTITY (
    SEQUENCE NAME public.patient_consultation_id_seq
    START WITH 1
    INCREMENT BY 1
    NO MINVALUE
    NO MAXVALUE
    CACHE 1
);


--
-- Name: patient_consultation_symptoms; Type: TABLE; Schema: public; Owner: tarxemo
--

CREATE TABLE public.patient_consultation_symptoms (
    id bigint NOT NULL,
    consultation_id bigint NOT NULL,
    symptom_id bigint NOT NULL
);


ALTER TABLE public.patient_consultation_symptoms OWNER TO tarxemo;

--
-- Name: patient_consultation_symptoms_id_seq; Type: SEQUENCE; Schema: public; Owner: tarxemo
--

ALTER TABLE public.patient_consultation_symptoms ALTER COLUMN id ADD GENERATED BY DEFAULT AS IDENTITY (
    SEQUENCE NAME public.patient_consultation_symptoms_id_seq
    START WITH 1
    INCREMENT BY 1
    NO MINVALUE
    NO MAXVALUE
    CACHE 1
);


--
-- Name: patient_disease; Type: TABLE; Schema: public; Owner: tarxemo
--

CREATE TABLE public.patient_disease (
    id bigint NOT NULL,
    name character varying(100) NOT NULL,
    description text
);


ALTER TABLE public.patient_disease OWNER TO tarxemo;

--
-- Name: patient_disease_doctors; Type: TABLE; Schema: public; Owner: tarxemo
--

CREATE TABLE public.patient_disease_doctors (
    id bigint NOT NULL,
    disease_id bigint NOT NULL,
    doctor_id bigint NOT NULL
);


ALTER TABLE public.patient_disease_doctors OWNER TO tarxemo;

--
-- Name: patient_disease_doctors_id_seq; Type: SEQUENCE; Schema: public; Owner: tarxemo
--

ALTER TABLE public.patient_disease_doctors ALTER COLUMN id ADD GENERATED BY DEFAULT AS IDENTITY (
    SEQUENCE NAME public.patient_disease_doctors_id_seq
    START WITH 1
    INCREMENT BY 1
    NO MINVALUE
    NO MAXVALUE
    CACHE 1
);


--
-- Name: patient_disease_id_seq; Type: SEQUENCE; Schema: public; Owner: tarxemo
--

ALTER TABLE public.patient_disease ALTER COLUMN id ADD GENERATED BY DEFAULT AS IDENTITY (
    SEQUENCE NAME public.patient_disease_id_seq
    START WITH 1
    INCREMENT BY 1
    NO MINVALUE
    NO MAXVALUE
    CACHE 1
);


--
-- Name: patient_disease_related_symptoms; Type: TABLE; Schema: public; Owner: tarxemo
--

CREATE TABLE public.patient_disease_related_symptoms (
    id bigint NOT NULL,
    disease_id bigint NOT NULL,
    symptom_id bigint NOT NULL
);


ALTER TABLE public.patient_disease_related_symptoms OWNER TO tarxemo;

--
-- Name: patient_disease_related_symptoms_id_seq; Type: SEQUENCE; Schema: public; Owner: tarxemo
--

ALTER TABLE public.patient_disease_related_symptoms ALTER COLUMN id ADD GENERATED BY DEFAULT AS IDENTITY (
    SEQUENCE NAME public.patient_disease_related_symptoms_id_seq
    START WITH 1
    INCREMENT BY 1
    NO MINVALUE
    NO MAXVALUE
    CACHE 1
);


--
-- Name: patient_doctor; Type: TABLE; Schema: public; Owner: tarxemo
--

CREATE TABLE public.patient_doctor (
    id bigint NOT NULL,
    phone_number character varying(15),
    address text,
    profile_image character varying(100),
    specialization character varying(100) NOT NULL,
    license_number character varying(50) NOT NULL,
    years_of_experience integer NOT NULL,
    is_available boolean NOT NULL,
    user_id bigint NOT NULL
);


ALTER TABLE public.patient_doctor OWNER TO tarxemo;

--
-- Name: patient_doctor_id_seq; Type: SEQUENCE; Schema: public; Owner: tarxemo
--

ALTER TABLE public.patient_doctor ALTER COLUMN id ADD GENERATED BY DEFAULT AS IDENTITY (
    SEQUENCE NAME public.patient_doctor_id_seq
    START WITH 1
    INCREMENT BY 1
    NO MINVALUE
    NO MAXVALUE
    CACHE 1
);


--
-- Name: patient_laboratory; Type: TABLE; Schema: public; Owner: tarxemo
--

CREATE TABLE public.patient_laboratory (
    id bigint NOT NULL,
    lab_name character varying(100) NOT NULL,
    accreditation_number character varying(50) NOT NULL,
    email character varying(100) NOT NULL,
    location character varying(255) NOT NULL,
    description character varying(1000) NOT NULL,
    created_at timestamp with time zone NOT NULL,
    lab_tech_id bigint
);


ALTER TABLE public.patient_laboratory OWNER TO tarxemo;

--
-- Name: patient_laboratory_id_seq; Type: SEQUENCE; Schema: public; Owner: tarxemo
--

ALTER TABLE public.patient_laboratory ALTER COLUMN id ADD GENERATED BY DEFAULT AS IDENTITY (
    SEQUENCE NAME public.patient_laboratory_id_seq
    START WITH 1
    INCREMENT BY 1
    NO MINVALUE
    NO MAXVALUE
    CACHE 1
);


--
-- Name: patient_labtech; Type: TABLE; Schema: public; Owner: tarxemo
--

CREATE TABLE public.patient_labtech (
    id bigint NOT NULL,
    phone_number character varying(15),
    address text,
    profile_image character varying(100),
    specialization character varying(100) NOT NULL,
    license_number character varying(50) NOT NULL,
    years_of_experience integer NOT NULL,
    is_available boolean NOT NULL,
    user_id bigint NOT NULL
);


ALTER TABLE public.patient_labtech OWNER TO tarxemo;

--
-- Name: patient_labtech_id_seq; Type: SEQUENCE; Schema: public; Owner: tarxemo
--

ALTER TABLE public.patient_labtech ALTER COLUMN id ADD GENERATED BY DEFAULT AS IDENTITY (
    SEQUENCE NAME public.patient_labtech_id_seq
    START WITH 1
    INCREMENT BY 1
    NO MINVALUE
    NO MAXVALUE
    CACHE 1
);


--
-- Name: patient_medicaltest; Type: TABLE; Schema: public; Owner: tarxemo
--

CREATE TABLE public.patient_medicaltest (
    id bigint NOT NULL,
    name character varying(100) NOT NULL,
    description text
);


ALTER TABLE public.patient_medicaltest OWNER TO tarxemo;

--
-- Name: patient_medicaltest_id_seq; Type: SEQUENCE; Schema: public; Owner: tarxemo
--

ALTER TABLE public.patient_medicaltest ALTER COLUMN id ADD GENERATED BY DEFAULT AS IDENTITY (
    SEQUENCE NAME public.patient_medicaltest_id_seq
    START WITH 1
    INCREMENT BY 1
    NO MINVALUE
    NO MAXVALUE
    CACHE 1
);


--
-- Name: patient_patient; Type: TABLE; Schema: public; Owner: tarxemo
--

CREATE TABLE public.patient_patient (
    id bigint NOT NULL,
    phone_number character varying(15),
    address text,
    profile_image character varying(100),
    date_of_birth date,
    gender character varying(10),
    medical_history text,
    user_id bigint NOT NULL
);


ALTER TABLE public.patient_patient OWNER TO tarxemo;

--
-- Name: patient_patient_id_seq; Type: SEQUENCE; Schema: public; Owner: tarxemo
--

ALTER TABLE public.patient_patient ALTER COLUMN id ADD GENERATED BY DEFAULT AS IDENTITY (
    SEQUENCE NAME public.patient_patient_id_seq
    START WITH 1
    INCREMENT BY 1
    NO MINVALUE
    NO MAXVALUE
    CACHE 1
);


--
-- Name: patient_prescribedtest; Type: TABLE; Schema: public; Owner: tarxemo
--

CREATE TABLE public.patient_prescribedtest (
    id bigint NOT NULL,
    notes text,
    consultation_id bigint NOT NULL
);


ALTER TABLE public.patient_prescribedtest OWNER TO tarxemo;

--
-- Name: patient_prescribedtest_id_seq; Type: SEQUENCE; Schema: public; Owner: tarxemo
--

ALTER TABLE public.patient_prescribedtest ALTER COLUMN id ADD GENERATED BY DEFAULT AS IDENTITY (
    SEQUENCE NAME public.patient_prescribedtest_id_seq
    START WITH 1
    INCREMENT BY 1
    NO MINVALUE
    NO MAXVALUE
    CACHE 1
);


--
-- Name: patient_prescribedtest_test; Type: TABLE; Schema: public; Owner: tarxemo
--

CREATE TABLE public.patient_prescribedtest_test (
    id bigint NOT NULL,
    prescribedtest_id bigint NOT NULL,
    medicaltest_id bigint NOT NULL
);


ALTER TABLE public.patient_prescribedtest_test OWNER TO tarxemo;

--
-- Name: patient_prescribedtest_test_id_seq; Type: SEQUENCE; Schema: public; Owner: tarxemo
--

ALTER TABLE public.patient_prescribedtest_test ALTER COLUMN id ADD GENERATED BY DEFAULT AS IDENTITY (
    SEQUENCE NAME public.patient_prescribedtest_test_id_seq
    START WITH 1
    INCREMENT BY 1
    NO MINVALUE
    NO MAXVALUE
    CACHE 1
);


--
-- Name: patient_prescription; Type: TABLE; Schema: public; Owner: tarxemo
--

CREATE TABLE public.patient_prescription (
    id bigint NOT NULL,
    medication character varying(255) NOT NULL,
    dosage character varying(255) NOT NULL,
    instructions text,
    consultation_id bigint NOT NULL,
    test_result_id bigint,
    doctor_id bigint,
    prescribed_at timestamp with time zone NOT NULL
);


ALTER TABLE public.patient_prescription OWNER TO tarxemo;

--
-- Name: patient_prescription_id_seq; Type: SEQUENCE; Schema: public; Owner: tarxemo
--

ALTER TABLE public.patient_prescription ALTER COLUMN id ADD GENERATED BY DEFAULT AS IDENTITY (
    SEQUENCE NAME public.patient_prescription_id_seq
    START WITH 1
    INCREMENT BY 1
    NO MINVALUE
    NO MAXVALUE
    CACHE 1
);


--
-- Name: patient_symptom; Type: TABLE; Schema: public; Owner: tarxemo
--

CREATE TABLE public.patient_symptom (
    id bigint NOT NULL,
    name character varying(100) NOT NULL,
    description text,
    swahili_name character varying(50) NOT NULL
);


ALTER TABLE public.patient_symptom OWNER TO tarxemo;

--
-- Name: patient_symptom_id_seq; Type: SEQUENCE; Schema: public; Owner: tarxemo
--

ALTER TABLE public.patient_symptom ALTER COLUMN id ADD GENERATED BY DEFAULT AS IDENTITY (
    SEQUENCE NAME public.patient_symptom_id_seq
    START WITH 1
    INCREMENT BY 1
    NO MINVALUE
    NO MAXVALUE
    CACHE 1
);


--
-- Name: patient_testorder; Type: TABLE; Schema: public; Owner: tarxemo
--

CREATE TABLE public.patient_testorder (
    id bigint NOT NULL,
    order_id character varying(20) NOT NULL,
    priority character varying(10) NOT NULL,
    status character varying(15) NOT NULL,
    received_time timestamp with time zone NOT NULL,
    patient_id bigint NOT NULL,
    test_type_id bigint NOT NULL,
    doctor_id bigint
);


ALTER TABLE public.patient_testorder OWNER TO tarxemo;

--
-- Name: patient_testorder_id_seq; Type: SEQUENCE; Schema: public; Owner: tarxemo
--

ALTER TABLE public.patient_testorder ALTER COLUMN id ADD GENERATED BY DEFAULT AS IDENTITY (
    SEQUENCE NAME public.patient_testorder_id_seq
    START WITH 1
    INCREMENT BY 1
    NO MINVALUE
    NO MAXVALUE
    CACHE 1
);


--
-- Name: patient_testresult; Type: TABLE; Schema: public; Owner: tarxemo
--

CREATE TABLE public.patient_testresult (
    id bigint NOT NULL,
    result_file character varying(100) NOT NULL,
    notes text,
    uploaded_at timestamp with time zone NOT NULL,
    laboratory_id bigint NOT NULL,
    prescribed_test_id bigint,
    test_order_id bigint,
    patient_id bigint
);


ALTER TABLE public.patient_testresult OWNER TO tarxemo;

--
-- Name: patient_testresult_id_seq; Type: SEQUENCE; Schema: public; Owner: tarxemo
--

ALTER TABLE public.patient_testresult ALTER COLUMN id ADD GENERATED BY DEFAULT AS IDENTITY (
    SEQUENCE NAME public.patient_testresult_id_seq
    START WITH 1
    INCREMENT BY 1
    NO MINVALUE
    NO MAXVALUE
    CACHE 1
);


--
-- Data for Name: authApp_customuser; Type: TABLE DATA; Schema: public; Owner: tarxemo
--

COPY public."authApp_customuser" (id, password, last_login, is_superuser, username, first_name, last_name, email, is_staff, is_active, date_joined, phone_number, address, profile_picture, date_of_birth, is_verified, is_online, user_type) FROM stdin;
1	pbkdf2_sha256$870000$4Piof7ZNxMJ4qxTHvEhCWy$reVo3G/mJmcm4HzLmD5Ff4GdHixhmMxSxRyuX0jR6uE=	\N	f	timothyyao	Timothy	Yao	timothyyao@gmail.com	f	t	2025-05-07 23:43:16.831295+03	\N	\N		\N	f	t	patient
2	pbkdf2_sha256$870000$hY5BN2QswraDlSMivXFBIP$UHj0WVmdyr3RT7YSyzdoov5fbb2Ipb0jCGRQCfwR/wA=	\N	f	johnramirez	John	Ramirez	johnramirez@gmail.com	f	t	2025-05-07 23:43:17.860881+03	\N	\N		\N	f	t	patient
3	pbkdf2_sha256$870000$417eAuBABP4xWWdHkdgP6H$LBJ2Tt9PpAobPTaqP1DlvqgO67KdJuPZkWTVSAx/v0o=	\N	f	priscillarecidoro	Priscilla	Recidoro	priscillarecidoro@gmail.com	f	t	2025-05-07 23:43:18.868558+03	\N	\N		\N	f	t	patient
4	pbkdf2_sha256$870000$nJaEvbKfR8f4ErKNp74gux$Xyyas3D25v4pkYmO2wDT34jTPM1d05QGlrClYg9D6oU=	\N	f	josephinecabrera	Josephine	Cabrera	josephinecabrera@gmail.com	f	t	2025-05-07 23:43:19.866225+03	\N	\N		\N	f	t	patient
5	pbkdf2_sha256$870000$LLRlI5XbpJ0SrKDu5PrVwF$eS9qKaNUdh5ClwtFlGUnE4QGX6VC8Et4nW1MxczW8Mg=	\N	f	kimberlyfraser	Kimberly	Fraser	kimberlyfraser@gmail.com	f	t	2025-05-07 23:43:20.869803+03	\N	\N		\N	f	t	patient
6	pbkdf2_sha256$870000$ijWg8qtFSa9iXPFKPL8yIt$w+zNvtspvSRK7dqj/SMZFiWjSt+AhVoqOUiydPaeTbE=	\N	f	monikachan	Monika	Chan	monikachan@gmail.com	f	t	2025-05-07 23:43:21.842183+03	\N	\N		\N	f	t	patient
7	pbkdf2_sha256$870000$qOf8FtdWgV86Tq7puTefLA$SHy+0ob9KbqHN0UTTZLYKJIlZgFtRA+XS5XVeua90tA=	\N	f	daviddawley	David	Dawley	daviddawley@gmail.com	f	t	2025-05-07 23:43:22.723296+03	\N	\N		\N	f	t	patient
8	pbkdf2_sha256$870000$VL6MYE225IJLmSK7hReht8$uiNxDIHqFwGUG4RVK0vIYh1iOxKFatKibjLWaFvvLpY=	\N	f	marthajensen	Martha	Jensen	marthajensen@gmail.com	f	t	2025-05-07 23:43:23.573389+03	\N	\N		\N	f	t	patient
9	pbkdf2_sha256$870000$00GbChPEAuSt2PbJX1eHgZ$eIcotEyCJPT65LJW1ACWDVNw76B14DVq+Wiv2oc3BFw=	\N	f	troycarrasco	Troy	Carrasco	troycarrasco@gmail.com	f	t	2025-05-07 23:43:24.517215+03	\N	\N		\N	f	t	patient
10	pbkdf2_sha256$870000$BSBZ7Ksok2aLdDuassM2Ir$lBXL2FMEmMT1C1aIELzfFCksPw+Tx+MqoSeYB7iQXXc=	\N	f	ernestosolorzano	Ernesto	Solorzano	ernestosolorzano@gmail.com	f	t	2025-05-07 23:43:25.592949+03	\N	\N		\N	f	t	patient
11	pbkdf2_sha256$870000$FPK9hdd2JkPofsJWOwsmRp$x+wVIsIeg5ndHgaVZdOyFfzZxlCJGVLWnCx+kk0qCjw=	\N	f	christophermcmahon	Christopher	Mcmahon	christophermcmahon@gmail.com	f	t	2025-05-07 23:43:26.573479+03	\N	\N		\N	f	t	patient
12	pbkdf2_sha256$870000$i1jYOVH5Y0NDSUXqXvyXDq$J76CjKfuW7Lw3eumibA1UmKCobtFi85sI9vjfoG45to=	\N	f	enriquealejandrino	Enrique	Alejandrino	enriquealejandrino@gmail.com	f	t	2025-05-07 23:43:27.550148+03	\N	\N		\N	f	t	patient
13	pbkdf2_sha256$870000$teRyJZvCEJJBqvqvgmSgB6$XTjBWfgLoYXhGFT+sDJh31aZ5haaODCroPAgK0EbbGk=	\N	f	deangeikas	Dean	Geikas	deangeikas@gmail.com	f	t	2025-05-07 23:43:28.431685+03	\N	\N		\N	f	t	patient
14	pbkdf2_sha256$870000$fHawAKxgd43y9HjxDEw1bk$r1+aZEExmwRjf22p6JztaSCvZYtpZhSQGzxulwWv9Bk=	\N	f	tyronejr	Tyrone	Jr	tyronejr@gmail.com	f	t	2025-05-07 23:43:29.296578+03	\N	\N		\N	f	t	patient
15	pbkdf2_sha256$870000$ZM8XMcCKrl8RhNBhxx3244$6DoqUcWqlTmqnpYuhdOiUaXT6z+5dN7gJFUNNVjMUoI=	\N	f	hedleyprince	Hedley	Prince	hedleyprince@gmail.com	f	t	2025-05-07 23:43:30.147716+03	\N	\N		\N	f	t	patient
16	pbkdf2_sha256$870000$OPzg1ZTuJGgFTjlQCsyljp$U8nL5zj2XQ4RqsoNoj/2TPHsCujqiwul4qvD9uvIeLo=	\N	f	lindaedelstein	Linda	Edelstein	lindaedelstein@gmail.com	f	t	2025-05-07 23:43:31.005486+03	\N	\N		\N	f	t	patient
17	pbkdf2_sha256$870000$3WUimQ1aiD3Wsvf0sGXbLU$i/H2Z3Cw/fzI9jYuX1OUBoc8SBCbGTswTaCyf7WpSYc=	\N	f	enochludlow	Enoch	Ludlow	enochludlow@gmail.com	f	t	2025-05-07 23:43:31.880837+03	\N	\N		\N	f	t	patient
18	pbkdf2_sha256$870000$PSWX3AVVuDUiG3xGA2Np1f$CJdPjSqW2tgFH436rJeAaZ7yOU6D+VFyItgqlrtUEmM=	\N	f	loritabello	Lori	Tabello	loritabello@gmail.com	f	t	2025-05-07 23:43:32.741501+03	\N	\N		\N	f	t	patient
19	pbkdf2_sha256$870000$6wUveeDqtB0vmbQkg73yYY$E7AbWTMrUHgDnJ0CVmJlcDB29Qg5CuKNUvhjk3QxuHg=	\N	f	jonathanbarash	Jonathan	Barash	jonathanbarash@gmail.com	f	t	2025-05-07 23:43:33.593865+03	\N	\N		\N	f	t	patient
20	pbkdf2_sha256$870000$bL72vVWwNdQtfvv8tjG6BE$I5ubucFbZ2T7BeGQXWmTHHK3l/yRuMMqvsa30ioAjn4=	\N	f	darylhigashi	Daryl	Higashi	darylhigashi@gmail.com	f	t	2025-05-07 23:43:34.439853+03	\N	\N		\N	f	t	patient
21	pbkdf2_sha256$870000$1OmqjEcqh7bjedAlcfkZ7F$49YV0P8I7885uVI958AnJNHwPJJRI06NC0AyVRxEEqk=	\N	f	lennartmoller	Lennart	Moller	lennartmoller@gmail.com	f	t	2025-05-07 23:43:35.336883+03	\N	\N		\N	f	t	patient
22	pbkdf2_sha256$870000$PXUARnv2jf7TqUurETb7l0$eY+PIfegwIOxDdwiLeqZbRKb0mK4JGRgmwp5fPsx/dg=	\N	f	sherlockhunt	Sherlock	Hunt	sherlockhunt@gmail.com	f	t	2025-05-07 23:43:36.222838+03	\N	\N		\N	f	t	patient
23	pbkdf2_sha256$870000$ZaFOWG2daJh3AVE2TMsvzB$k2rhKnka1cy1gJh2fYkgqFLaeuXB7dbOeVGYXkFm4as=	\N	f	jenniferorantes	Jennifer	Orantes	jenniferorantes@gmail.com	f	t	2025-05-07 23:43:37.118906+03	\N	\N		\N	f	t	patient
24	pbkdf2_sha256$870000$zD4brEDqNcrnzA2RM6U3U3$na09TH1zEzmHFAutcV637UEabVepsYBi/YgitPgAHE4=	\N	f	jeffreyconley	Jeffrey	Conley	jeffreyconley@gmail.com	f	t	2025-05-07 23:43:38.072615+03	\N	\N		\N	f	t	patient
25	pbkdf2_sha256$870000$zg4qb5lZnLyyjlE0p7KfYq$pY4Vt+0lx6Tgr34OqdGIWCI0U4i6bc1Gw/hjub2zUoM=	\N	f	gailnorman	Gail	Norman	gailnorman@gmail.com	f	t	2025-05-07 23:43:38.954078+03	\N	\N		\N	f	t	patient
26	pbkdf2_sha256$870000$l0wsHuKJNV07tv5U8CF8J5$/Pa7pT8Moar0ZC2tdQz+YTByB2Uco0UjKQQKjxGRY8M=	\N	f	genievecruz	Genieve	Cruz	genievecruz@gmail.com	f	t	2025-05-07 23:43:39.882763+03	\N	\N		\N	f	t	patient
27	pbkdf2_sha256$870000$ulklQP10lhScdBdFLH7p3O$dlC5YAP4SXHXGsegMAVXJIktP15WMv6wCjw2/IMUCb8=	\N	f	priscillalee	Priscilla	Lee	priscillalee@gmail.com	f	t	2025-05-07 23:43:40.7912+03	\N	\N		\N	f	t	patient
28	pbkdf2_sha256$870000$GKGB3TfZV3vVtN9JbT7D8J$z7/Z5DzjEeyEuL5/jv6P/mt8npN1Sjpk0qbPua4OSRA=	\N	f	laurenseto	Lauren	Seto	laurenseto@gmail.com	f	t	2025-05-07 23:43:41.836935+03	\N	\N		\N	f	t	patient
29	pbkdf2_sha256$870000$QrNVnAzC1M7UqfXdGs5Irg$pRiZ1XhzzwhcmH4nGq6GBKya5+Lo/k8W51XZFuUa/fE=	\N	f	hernandopatarroyo	Hernando	Patarroyo	hernandopatarroyo@gmail.com	f	t	2025-05-07 23:43:42.766156+03	\N	\N		\N	f	t	patient
30	pbkdf2_sha256$870000$4d2CEnPtAv6Alxnr83IbbG$J3bWuI2X41lRZjEr5RKzh1tOqvuf/N61y6zQy/BAPis=	\N	f	mariannakjobmand	Marianna	Kjobmand	mariannakjobmand@gmail.com	f	t	2025-05-07 23:43:43.651819+03	\N	\N		\N	f	t	patient
31	pbkdf2_sha256$870000$dNbNeFYo65AUE4DeFZEELA$XV3R4Si3gQIs/vrTOZE3S/JK4vNT4enOiTLHLDurJyc=	\N	f	patriciarivera	Patricia	Rivera	patriciarivera@gmail.com	f	t	2025-05-07 23:43:44.539034+03	\N	\N		\N	f	t	patient
32	pbkdf2_sha256$870000$5UMEQ7IGDkUrXGc2QxSM6Y$nKFtcbBotwQYze+9hjDzt+/ZANrvmKirE0Q7y0Rx/DA=	\N	f	johnandrews	John	Andrews	johnandrews@gmail.com	f	t	2025-05-07 23:43:45.522642+03	\N	\N		\N	f	t	patient
33	pbkdf2_sha256$870000$1OCeLAMG6vVEv5ln6sXP1Y$CVdvbinQW9ZxsHhQ1B27WSdZWmGGxTYc3Vp+yxOJdgk=	\N	f	arkadiytitiyevskiy	Arkadiy	Titiyevskiy	arkadiytitiyevskiy@gmail.com	f	t	2025-05-07 23:43:46.496039+03	\N	\N		\N	f	t	patient
34	pbkdf2_sha256$870000$p6kM8NA5YvW3TBvha35F7v$voqZRA0McIU/i1W6iIY41ajR/ak5pSBDsLk/GDX4KC0=	\N	f	marisolluna	Marisol	Luna	marisolluna@gmail.com	f	t	2025-05-07 23:43:47.459713+03	\N	\N		\N	f	t	patient
35	pbkdf2_sha256$870000$S84Dad4gCmkhSHm0bV6vvz$cOGC6YLUFKHivsVxOWKDJpJMCdyYQVpnsL5/OKSv2WA=	\N	f	nancyangelo	Nancy	Angelo	nancyangelo@gmail.com	f	t	2025-05-07 23:43:48.37769+03	\N	\N		\N	f	t	patient
36	pbkdf2_sha256$870000$B9N5BimPY2kjC6D82eSbg1$VPUUTlPGSgXBeMNQBsWSg3LxNRm2pm7dpgbbFQFOsMI=	\N	f	lesliewong	Leslie	Wong	lesliewong@gmail.com	f	t	2025-05-07 23:43:49.406391+03	\N	\N		\N	f	t	patient
37	pbkdf2_sha256$870000$836lRqmSFymRezcRW0qwWR$u791hKpPCvxDnDldyxu2tsML9pqRtoFsosaSfLj8IeQ=	\N	f	jalainagordon	Jalaina	Gordon	jalainagordon@gmail.com	f	t	2025-05-07 23:43:50.199955+03	\N	\N		\N	f	t	patient
38	pbkdf2_sha256$870000$YmKiTCUcR9Pt40FYVx1igc$elPfymVfXaxNFy4jjJilYoeEPz0criIK05Qvg0fCe7g=	\N	f	kevinlewis	Kevin	Lewis	kevinlewis@gmail.com	f	t	2025-05-07 23:44:29.82717+03	\N	\N		\N	f	t	patient
39	pbkdf2_sha256$870000$Ccjerc91fDKpiSGiE5X1oA$OIJqR6mApcBjNXr96ugQQgiysRJs0l8the4LZ6GYDs8=	\N	f	tamsendrew	Tamsen	Drew	tamsendrew@gmail.com	f	t	2025-05-07 23:44:30.936504+03	\N	\N		\N	f	t	patient
40	pbkdf2_sha256$870000$rPSxr1T5tBY6OizLFINJJe$5s9/sewz7J0xHDk8rlh4IDrAQezLNmP6cZhRWjOb/9g=	\N	f	nahelsimon	Nahel	Simon	nahelsimon@gmail.com	f	t	2025-05-07 23:44:32.016033+03	\N	\N		\N	f	t	patient
41	pbkdf2_sha256$870000$1wSwP523OJsWM4laBdLgv5$GHRqEwPEd+AgtAQekUL2drIfTa34Lxeb1nGPHvQmblI=	\N	f	gregoriomontemayor	Gregorio	Montemayor	gregoriomontemayor@gmail.com	f	t	2025-05-07 23:44:32.931896+03	\N	\N		\N	f	t	patient
42	pbkdf2_sha256$870000$I5XUGbLjkTojWdgAcE6hPG$ThhkCYgttEwvb9voGUX03arpq3AIoR57yrlBjg6IJ38=	\N	f	hilariojr	Hilario	Jr	hilariojr@gmail.com	f	t	2025-05-07 23:44:33.856589+03	\N	\N		\N	f	t	patient
43	pbkdf2_sha256$870000$q23pGPIA6fxlPa2J5yDRd8$xnUDkR1zDjBjpBOzUk+w1oRQCEq7xaw/sdaW4cR57sY=	\N	f	ursulacastillo	Ursula	Castillo	ursulacastillo@gmail.com	f	t	2025-05-07 23:44:34.999678+03	\N	\N		\N	f	t	patient
44	pbkdf2_sha256$870000$UzI4UyyRNyQFuYZnCJAPMI$YOAu+ojpoUDs7WAnSCpH2Hpnd+ieonlbgoD2mwqqWDU=	\N	f	xunqiangwen	Xunqiang	Wen	xunqiangwen@gmail.com	f	t	2025-05-07 23:44:35.92551+03	\N	\N		\N	f	t	patient
45	pbkdf2_sha256$870000$gqE06uV4Xxexx7j5XOIjgH$aUN3YyFkhLqCLH+IuBra2KAyFPGW2OICFmr5uAmR/J0=	\N	f	margaretso	Margaret	So	margaretso@gmail.com	f	t	2025-05-07 23:44:37.147064+03	\N	\N		\N	f	t	patient
46	pbkdf2_sha256$870000$LMYllVnb1B7OqMLpZxJRz5$3C9qhEqG1p2HdFWXJ4JJiXyl4UJnYNlnnEB11Dh72Ho=	\N	f	raymondhuang	Raymond	Huang	raymondhuang@gmail.com	f	t	2025-05-07 23:44:38.329382+03	\N	\N		\N	f	t	patient
47	pbkdf2_sha256$870000$EuJatTCSo8KE317WrPF2sJ$mhAJIvHqXfOWR08sNo4/w2CqH7F2UF/1sI3mBpJtLco=	\N	f	williamcoggan	William	Coggan	williamcoggan@gmail.com	f	t	2025-05-07 23:44:39.207322+03	\N	\N		\N	f	t	patient
48	pbkdf2_sha256$870000$ddRugun9WzC9Fjd2tw3K76$EOQ3bKZXmKSL8F/O4wdf7/Fk8UjNl7kC1jjGcG+zqVQ=	\N	f	danielbrugmann	Daniel	Brugmann	danielbrugmann@gmail.com	f	t	2025-05-07 23:44:40.078518+03	\N	\N		\N	f	t	patient
49	pbkdf2_sha256$870000$nkqqRlhCG7fLMAlTY3K0A5$3eVYq3UE3b7r70DdrG7gKT4VVE/OMf1J6SpOK6+YKoE=	\N	f	roberttrujillo	Robert	Trujillo	roberttrujillo@gmail.com	f	t	2025-05-07 23:44:41.144242+03	\N	\N		\N	f	t	patient
50	pbkdf2_sha256$870000$SajjDY8pzeeHNQQ1fOOAAZ$l/YrgUBt8QTUXamQEURbITbvB0W4T4cyhO5L6eLeCKg=	\N	f	rosalyntillery	Rosalyn	Tillery	rosalyntillery@gmail.com	f	t	2025-05-07 23:44:42.053214+03	\N	\N		\N	f	t	patient
51	pbkdf2_sha256$870000$ljoAma8ZxBrHHm3n2V28ju$xnI2kcDqUp/f/UunuY3na3ow4OL+ip/nyVO3pWG5/UE=	\N	f	shaziamalik	Shazia	Malik	shaziamalik@gmail.com	f	t	2025-05-07 23:44:43.025826+03	\N	\N		\N	f	t	patient
52	pbkdf2_sha256$870000$4Zc1E3CiSG5THEs19ucjvh$RCDOozEP7m4YyXrtCbRgyf3rApldoWqapPE1Q0570dc=	\N	f	oscargarcia	Oscar	Garcia	oscargarcia@gmail.com	f	t	2025-05-07 23:44:43.87964+03	\N	\N		\N	f	t	patient
53	pbkdf2_sha256$870000$PQovGPUMEajFEfFftxFpCL$4m13Wkwk7NXMnRTrD/mvOgrS3Iu6YD5kEMgSpy8MrPA=	\N	f	susansalvador	Susan	Salvador	susansalvador@gmail.com	f	t	2025-05-07 23:44:44.672406+03	\N	\N		\N	f	t	patient
54	pbkdf2_sha256$870000$ZjSyFFXyeXg4YzvWY70m0i$XkMNcd/d9iMR1sk14KRxWebzsXFs2jwc2wHpikWZCjQ=	\N	f	emilygerth	Emily	Gerth	emilygerth@gmail.com	f	t	2025-05-07 23:44:45.456241+03	\N	\N		\N	f	t	patient
55	pbkdf2_sha256$870000$IdTOlOFVY0Yp0icvdvZKDh$VMn5+N4AvRfKQTreixfe6dNcJAyk/mph9PBRtQ7I75A=	\N	f	kathleenscoggin	Kathleen	Scoggin	kathleenscoggin@gmail.com	f	t	2025-05-07 23:44:46.525036+03	\N	\N		\N	f	t	patient
56	pbkdf2_sha256$870000$bJN6QqnHaCCOZbEjWYxpJn$/IPd5jgWhsgzcwXLQKfbl7UGoz0mr72R9jugleMygZk=	\N	f	kostyantynivanov	Kostyantyn	Ivanov	kostyantynivanov@gmail.com	f	t	2025-05-07 23:44:47.421267+03	\N	\N		\N	f	t	patient
57	pbkdf2_sha256$870000$O4foKxN8oTznsUHPgxaE2p$fuJAiJ5h0JhqLHqCzHCjV5lgFYLOVVUaPCZE/X7EAfo=	\N	f	raphrogergonzaga	Raphroger	Gonzaga	raphrogergonzaga@gmail.com	f	t	2025-05-07 23:44:48.38448+03	\N	\N		\N	f	t	patient
58	pbkdf2_sha256$870000$tWkpl2Gos0wbTEB0QVSO3m$sepk5Ac31bLys0kLXIga4704nlxPLdEdaVjibf8OJYs=	\N	f	margaretmoran	Margaret	Moran	margaretmoran@gmail.com	f	t	2025-05-07 23:44:49.365057+03	\N	\N		\N	f	t	patient
59	pbkdf2_sha256$870000$4koGAXr9GDNER5yR2ADEQw$tOCIAWPfszMEKD9nIPPybXIGRKqfH0rqkfDJXUtF/Mc=	\N	f	ricknelson	Rick	Nelson	ricknelson@gmail.com	f	t	2025-05-07 23:44:50.861077+03	\N	\N		\N	f	t	patient
60	pbkdf2_sha256$870000$usxdquThdoqIczEDrFBufg$QsICPS62QAGX1gJI/cM7zqCx2K3gp492gA0NfbeBlGk=	\N	f	gilintengan	Gil	Intengan	gilintengan@gmail.com	f	t	2025-05-07 23:44:51.833864+03	\N	\N		\N	f	t	patient
61	pbkdf2_sha256$870000$tAV6TZ9GmN9zZbp8kPtr9O$EAwhUgBRWSdZW2mr4FkY5Tj9IlSq2gKlppWfLFjmD9M=	\N	f	nichelleholmes	Nichelle	Holmes	nichelleholmes@gmail.com	f	t	2025-05-07 23:44:52.736152+03	\N	\N		\N	f	t	patient
62	pbkdf2_sha256$870000$qPTTbi1p2DuTSZgDsfPRqe$uWgwcJhXXtEsaXY87wxvGI3EAiUGAQhjsPmOvGfXQlo=	\N	f	calvintom	Calvin	Tom	calvintom@gmail.com	f	t	2025-05-07 23:44:53.7212+03	\N	\N		\N	f	t	patient
63	pbkdf2_sha256$870000$iW3WAXbG3uqv3sPDRV5nRx$IiwFoWL16XWwipFvxKjI3FFl9sfDAVFx5AZMUMMv1iw=	\N	f	richardguggenhime	Richard	Guggenhime	richardguggenhime@gmail.com	f	t	2025-05-07 23:44:54.904861+03	\N	\N		\N	f	t	patient
64	pbkdf2_sha256$870000$O29QATptBmHPs6Yly0jBPA$aVlmdIjiGj1oRLLKxksog+JugMhpdJMGzt5xjHOwK3w=	\N	f	kamronshushtar	Kamron	Shushtar	kamronshushtar@gmail.com	f	t	2025-05-07 23:44:56.302676+03	\N	\N		\N	f	t	patient
65	pbkdf2_sha256$870000$qTOO4TFzVJchLmVxeiASMp$5Kjg9hZkoLYpgY2XybQFuKE/glPs3P+WUi24FDjmJ94=	\N	f	jeannehenderson	Jeanne	Henderson	jeannehenderson@gmail.com	f	t	2025-05-07 23:44:57.367226+03	\N	\N		\N	f	t	patient
66	pbkdf2_sha256$870000$xfvnc1V89jZHkEUfOB9II2$4NJUZfwuhgrxB2RL5rS1jpjLdNjf3IKAkiQFrwwJIE8=	\N	f	jiayochiang	Jiayo	Chiang	jiayochiang@gmail.com	f	t	2025-05-07 23:44:58.267215+03	\N	\N		\N	f	t	patient
67	pbkdf2_sha256$870000$3R6uA33CL9dACgqaIyrLIV$zUtXWqtwETqIY9Qag0JkckkrDvLL8/01iiwtS4NXAOo=	\N	f	peteryu	Peter	Yu	peteryu@gmail.com	f	t	2025-05-07 23:44:59.153229+03	\N	\N		\N	f	t	patient
68	pbkdf2_sha256$870000$2WTGYPoTyhbc3egKv1XS3e$8+bQDjD3cFOJiJkKsgbMQmHFqjbwXMhuUQmbZToilSU=	\N	f	lindarhoades	Linda	Rhoades	lindarhoades@gmail.com	f	t	2025-05-07 23:45:00.032662+03	\N	\N		\N	f	t	patient
69	pbkdf2_sha256$870000$BsOQgwiw2pbkVu4t7e1wGe$9HJV1dUxnhrs7lxkr84xezQ+s/Fjxjq1A+USZ3Xl8dY=	\N	f	davidmerrill	David	Merrill	davidmerrill@gmail.com	f	t	2025-05-07 23:45:00.909793+03	\N	\N		\N	f	t	patient
70	pbkdf2_sha256$870000$EPu1RaNC89zitEzubKdWfq$hkOiI2PF1CVRmxjJHlZ+3uC1X84yDCHtiIpO2n2VpwY=	\N	f	armandovillanueva	Armando	Villanueva	armandovillanueva@gmail.com	f	t	2025-05-07 23:45:02.515771+03	\N	\N		\N	f	t	patient
71	pbkdf2_sha256$870000$W18mynoN5CrEbzW1cHx6iO$fEhL1uzChsGmIFY4FDM01qn4KzgrNWvWOfyFw3olwwA=	\N	f	davidcrespin	David	Crespin	davidcrespin@gmail.com	f	t	2025-05-07 23:45:03.676591+03	\N	\N		\N	f	t	patient
72	pbkdf2_sha256$870000$lG6yDopzqKskgBfqezmgTD$oTMddjfBPIi8QfKHbabxmGMAb2SbIIWgat6+Rg/31hs=	\N	f	shirellehill	Shirelle	Hill	shirellehill@gmail.com	f	t	2025-05-07 23:45:04.506041+03	\N	\N		\N	f	t	patient
73	pbkdf2_sha256$870000$vBFat74yQZtOdf6zjxEGs5$G6H8+ou5gnDWT2iOkFOQ08X6BxAsmK7q3mCPJ38SoOw=	\N	f	mauriciohernandez	Mauricio	Hernandez	mauriciohernandez@gmail.com	f	t	2025-05-07 23:45:05.722854+03	\N	\N		\N	f	t	patient
74	pbkdf2_sha256$870000$HiAvydyrYRazdeIzbSMr7D$Cq+8QIKc5S+8UUGkcOIFdV1z4BE/EkzqwQddQheugVU=	\N	f	garyho	Gary	Ho	garyho@gmail.com	f	t	2025-05-07 23:45:06.800553+03	\N	\N		\N	f	t	patient
75	pbkdf2_sha256$870000$0HRov7YeFXywJRaU8MZyRx$3uyeKaQ8x+l9SMp+JwUy1WHlYWL3JHFNjxhconf3ydA=	\N	f	marilynlopes	Marilyn	Lopes	marilynlopes@gmail.com	f	t	2025-05-07 23:45:07.773681+03	\N	\N		\N	f	t	patient
76	pbkdf2_sha256$870000$An7dbpQUzSHpn2zD1s2ePi$ckerhsrkCYuOL63npN0I/sfaSpd3OBVsRqDD1EQlTtg=	\N	f	anthonysustak	Anthony	Sustak	anthonysustak@gmail.com	f	t	2025-05-07 23:45:08.554904+03	\N	\N		\N	f	t	patient
77	pbkdf2_sha256$870000$mWyFIIdfUWGORErjysOdTc$Fb8/QVkUVOuSjIwqAOYgyzX3G45YMJWRg8pKyGB4nbo=	\N	f	trumanyu	Truman	Yu	trumanyu@gmail.com	f	t	2025-05-07 23:45:09.349775+03	\N	\N		\N	f	t	patient
78	pbkdf2_sha256$870000$XNZ8awxGZBlsFiGvJAG2Rr$7xMce4Vko7VgrVyJi5FKxB96Ef7gAPCRh1R+E5kCsQo=	\N	f	jasminewin	Jasmine	Win	jasminewin@gmail.com	f	t	2025-05-07 23:45:10.13178+03	\N	\N		\N	f	t	patient
79	pbkdf2_sha256$870000$jo9vD93eEXVAaupWySEujI$c52brqEW+ditQywrAy0+bJ1cq85Fu31mfEliWDwDS8Q=	\N	f	jerrythreet	Jerry	Threet	jerrythreet@gmail.com	f	t	2025-05-07 23:45:10.884931+03	\N	\N		\N	f	t	patient
80	pbkdf2_sha256$870000$LAmpXkKGFkPJSmSVfFFmlT$YgRDZpz25T4OC28lZtMNYp3lelneYSyEopf9c3yxw5k=	\N	f	barbarahauser	Barbara	Hauser	barbarahauser@gmail.com	f	t	2025-05-07 23:45:11.656639+03	\N	\N		\N	f	t	patient
81	pbkdf2_sha256$870000$wZa2eyaIH81XBhe8doqtCD$12+Ukr0Sf/dYIq0mZSG4Vi/nHj7M/ibFfBN6JgGrkfQ=	\N	f	marywagner	Mary	Wagner	marywagner@gmail.com	f	t	2025-05-07 23:45:12.420685+03	\N	\N		\N	f	t	patient
82	pbkdf2_sha256$870000$iYDDMt7tAJg9dkhm5EcjBW$SMYdWY07sc6qA2ZZnZVk450mI+5cXMmLy0Bp9MTwSpU=	\N	f	jayeshparmar	Jayesh	Parmar	jayeshparmar@gmail.com	f	t	2025-05-07 23:45:13.207211+03	\N	\N		\N	f	t	patient
83	pbkdf2_sha256$870000$NDqMk1E2FfxOatZA5hha3i$bB5xcxW57hWp5WNC3YVIBMhbY3WLvbruT5UPwab+RK0=	\N	f	michellechang	Michelle	Chang	michellechang@gmail.com	f	t	2025-05-07 23:45:14.516552+03	\N	\N		\N	f	t	patient
84	pbkdf2_sha256$870000$yHPNDVHzCx8XagPgldmWYD$6um189QXVQZewz09diTvU7pC9k5aSkIvdHKUUAWO9VY=	\N	f	hangngo	Hang	Ngo	hangngo@gmail.com	f	t	2025-05-07 23:47:26.124551+03	\N	\N		\N	f	t	patient
85	pbkdf2_sha256$870000$YCaokOIezrMZH5K7wGuRoj$odxdVfKA2wJzivgDdUjxlJUNfngfvKqnTcSwf5DSGYg=	\N	f	anastasiosmavroudis	Anastasios	Mavroudis	anastasiosmavroudis@gmail.com	f	t	2025-05-07 23:47:27.178962+03	\N	\N		\N	f	t	patient
86	pbkdf2_sha256$870000$yAzt9fKcKLpywUwPVW7mOZ$cLUuejJNRV2gDR2mg5tsMplw414o/UFmagDrAM6G7EM=	\N	f	allenharman	Allen	Harman	allenharman@gmail.com	f	t	2025-05-07 23:47:28.408167+03	\N	\N		\N	f	t	patient
87	pbkdf2_sha256$870000$iKs1y59NhBsVPTvnAFd1C1$BGkbEYGEvRDe6PTZZ/8tdg7vQYqaSLL7w62oaMVKvlI=	\N	f	arlenehall	Arlene	Hall	arlenehall@gmail.com	f	t	2025-05-07 23:47:29.49483+03	\N	\N		\N	f	t	patient
88	pbkdf2_sha256$870000$LFKCkJg2QH5RJzY6tfuV26$AjkjWiYrhbdwSGjbwFslMvjyr/zxDu8lZukEDu6UONk=	\N	f	bashebawalls	Basheba	Walls	bashebawalls@gmail.com	f	t	2025-05-07 23:47:30.392866+03	\N	\N		\N	f	t	patient
89	pbkdf2_sha256$870000$1p8mypnMRDAC4vBFFNUdm3$PVhlq4EEp4r8KXVVTUsy6czGaO/F9nK2Z0OLyh2FR+M=	\N	f	ofeliathompson	Ofelia	Thompson	ofeliathompson@gmail.com	f	t	2025-05-07 23:47:31.237012+03	\N	\N		\N	f	t	patient
90	pbkdf2_sha256$870000$uYj9T9ZYTJVHkxq4uX1tRV$Hz8nW3LeOqmEe65r3B3wh/FgUUxFHthFkNu1auvMJOg=	\N	f	harryiii	Harry	Iii	harryiii@gmail.com	f	t	2025-05-07 23:47:32.128323+03	\N	\N		\N	f	t	patient
91	pbkdf2_sha256$870000$HxlvWcNfRyf6Cvj8NWNu5C$YsyVOPV5fqwNMsa4kKEkXj4dJW56I6+2Mvz38WgCf3w=	\N	f	earlcuesta	Earl	Cuesta	earlcuesta@gmail.com	f	t	2025-05-07 23:47:33.657239+03	\N	\N		\N	f	t	patient
92	pbkdf2_sha256$870000$xFWlsXW4aNIbxCuR7Evg4L$4kWDRKq/XhO+iRTrqISilyI2gFXFnrGFVG6xDqHav+c=	\N	f	michaelgreen	Michael	Green	michaelgreen@gmail.com	f	t	2025-05-07 23:47:34.92072+03	\N	\N		\N	f	t	patient
93	pbkdf2_sha256$870000$xxXliA8z7mKvBTRjccbO8Y$RubFbTRFHF0dQXMHH1ZMrzd33Mc4Z63LUHh59OkJmO4=	\N	f	kristinopbroek	Kristin	Opbroek	kristinopbroek@gmail.com	f	t	2025-05-07 23:47:36.11499+03	\N	\N		\N	f	t	patient
94	pbkdf2_sha256$870000$Ai8XKNAp4ToOr6F07hegNz$1kvEmrWlEhZmm+h9Xja1MX2nIspVi3g/IU6UUiZRRHk=	\N	f	pochoi	Po	Choi	pochoi@gmail.com	f	t	2025-05-07 23:47:37.532299+03	\N	\N		\N	f	t	patient
95	pbkdf2_sha256$870000$m9Ouef10jh6K8m0JzpYxEy$DFmCCXQiXEdlIsup57kg2XI6qgnxnVIDVLCZqeTtOfo=	\N	f	bensonguan	Benson	Guan	bensonguan@gmail.com	f	t	2025-05-07 23:47:38.470638+03	\N	\N		\N	f	t	patient
96	pbkdf2_sha256$870000$K9zrnPulH5C3sQ3sZgSOLx$io0bPSez5TNUMZjiRMujSAF/SvBVmzkGnhJf2JNGQ/k=	\N	f	jeannelee	Jeanne	Lee	jeannelee@gmail.com	f	t	2025-05-07 23:47:39.319892+03	\N	\N		\N	f	t	patient
97	pbkdf2_sha256$870000$xOvQ6kJNa5e8dl4nZ9gDsJ$muQlM5VRx1ADyHXBHSCm5Y6bG66Zwi6JqPhKRLDeE14=	\N	f	stanleywagner	Stanley	Wagner	stanleywagner@gmail.com	f	t	2025-05-07 23:47:40.28373+03	\N	\N		\N	f	t	patient
98	pbkdf2_sha256$870000$m9OlBnu6TLatmXDlliHLtA$6iLcxKlnUzHrS37+j7Y0tOBHUAqqt11onkQ0PfWxT9E=	\N	f	vanessazilmar	Vanessa	Zilmar	vanessazilmar@gmail.com	f	t	2025-05-07 23:47:41.161994+03	\N	\N		\N	f	t	patient
99	pbkdf2_sha256$870000$oS6SIFk6xULqNGOMm5Wyfz$KR/GZg5zdp+elG2o23aQX0FdBgauBG6EURXaRwr56vA=	\N	f	danielnavarro	Daniel	Navarro	danielnavarro@gmail.com	f	t	2025-05-07 23:47:42.020122+03	\N	\N		\N	f	t	patient
100	pbkdf2_sha256$870000$1cNzLD3EDeQTOELE4pMeti$CRrfMPJwtBw20G16wxqXaktTeUBG7Z9zu0kjeQSo+Zw=	\N	f	sergiomunoz	Sergio	Munoz	sergiomunoz@gmail.com	f	t	2025-05-07 23:47:43.109305+03	\N	\N		\N	f	t	patient
101	pbkdf2_sha256$870000$Ma671AcnAajPnKS5udxIbG$L62OJ8tboP+Msen/d1BmrKiOmofBKRgIO53cA5c4IfQ=	\N	f	susanmoy	Susan	Moy	susanmoy@gmail.com	f	t	2025-05-07 23:47:43.912028+03	\N	\N		\N	f	t	patient
102	pbkdf2_sha256$870000$Zqbz0GzK2XSpCrPNLvcjsE$6IvAFHJX5ow9AKoRz+GnyKWzEcIyLT59gKkOTRLWo9I=	\N	f	patricktruong	Patrick	Truong	patricktruong@gmail.com	f	t	2025-05-07 23:47:44.678945+03	\N	\N		\N	f	t	patient
103	pbkdf2_sha256$870000$T7JWBuePw22i44gj7UO6CV$FpKzQYPMsUGMct6MAbYDBHVkZ/loefsJDI5xbXrcJaM=	\N	f	danilosalcedo	Danilo	Salcedo	danilosalcedo@gmail.com	f	t	2025-05-07 23:47:45.442235+03	\N	\N		\N	f	t	patient
104	pbkdf2_sha256$870000$kqY2XxAm1Ff4ay0JAqQ6Ns$z8DHDu4AidG100ovAHF+RuEP6vfbW5YmQyUbD9u9DsI=	\N	f	sjr	S	Jr	sjr@gmail.com	f	t	2025-05-07 23:47:46.198245+03	\N	\N		\N	f	t	patient
105	pbkdf2_sha256$870000$EVZRKWHOUhSGbDXLgudhKr$gDP1q0aOlrR3lD0PMsl6sFPZfGZszxPlOBaC9X8FBIs=	\N	f	chloemays	Chloe	Mays	chloemays@gmail.com	f	t	2025-05-07 23:47:46.952136+03	\N	\N		\N	f	t	patient
106	pbkdf2_sha256$870000$oaMaUT362yQoEsz6GXGwHL$rAmqDsXcPrB4M4iLdip8cCUa9yfGmu04MqNU3yJTWDk=	\N	f	paullee	Paul	Lee	paullee@gmail.com	f	t	2025-05-07 23:47:47.710995+03	\N	\N		\N	f	t	patient
107	pbkdf2_sha256$870000$gGINzS1etfn7A227RrOmXY$fWckYXlGcCV07znS3kv+7TDKonybdAJQSPyAEfgTukI=	\N	f	jacquesanderson	Jacques	Anderson	jacquesanderson@gmail.com	f	t	2025-05-07 23:47:48.443913+03	\N	\N		\N	f	t	patient
108	pbkdf2_sha256$870000$cy0uytOsM022woZMbGFr3V$hXGzSL5/VlxHqZ/nQflN6+fZJX7YaFeKCkQuQKfiGk0=	\N	f	davidcairo	David	Cairo	davidcairo@gmail.com	f	t	2025-05-07 23:47:49.211152+03	\N	\N		\N	f	t	patient
109	pbkdf2_sha256$870000$zb13MmHXcsgPN1zZrJVA5X$keTVuiNV38X5nf9pu3o2ARGBWobiY1l14AzumAsnD3M=	\N	f	margaretcolfer	Margaret	Colfer	margaretcolfer@gmail.com	f	t	2025-05-07 23:47:49.967093+03	\N	\N		\N	f	t	patient
110	pbkdf2_sha256$870000$Gjo387699SHaNF0grW9STG$73c4t1xHq71o1rsUf7rUaHuikZNwXwNV+gP2R2koaXc=	\N	f	wesleyfanelli	Wesley	Fanelli	wesleyfanelli@gmail.com	f	t	2025-05-07 23:47:50.789709+03	\N	\N		\N	f	t	patient
111	pbkdf2_sha256$870000$uP7PMgBE9fpCtZPdCG4s3Y$aT1w/5/BCVtnaMJPRqK8KMSDWJx0O/ydJVhYHrAKVs4=	\N	f	guillermorodriguez	Guillermo	Rodriguez	guillermorodriguez@gmail.com	f	t	2025-05-07 23:47:51.617989+03	\N	\N		\N	f	t	patient
112	pbkdf2_sha256$870000$tY0UpUwOaXFaSD1K7Jxgd2$nYrS2HBeCXuvKlAQAwlU1NtFoxgqaKGqZ5+UgG1Ki6M=	\N	f	lisbetgamez	Lisbet	Gamez	lisbetgamez@gmail.com	f	t	2025-05-07 23:47:52.468608+03	\N	\N		\N	f	t	patient
113	pbkdf2_sha256$870000$zpfWp8fAhQj8HmGCIQEZpQ$1HIGrwLueN4x7yIoiRDdqRKYsC1NndHIfFM5N0VTuCE=	\N	f	elinorelurie	Elinore	Lurie	elinorelurie@gmail.com	f	t	2025-05-07 23:47:53.300644+03	\N	\N		\N	f	t	patient
114	pbkdf2_sha256$870000$tqRQgrU8BtuVUbBMoia0P3$CEaV+yTydcYFPqZhRYvZuxMMJeWtKWeKXE75aV1P1lg=	\N	f	paulnelson	Paul	Nelson	paulnelson@gmail.com	f	t	2025-05-07 23:47:54.481053+03	\N	\N		\N	f	t	patient
115	pbkdf2_sha256$870000$NefCLb4V0tyza3726PYRSr$5FiUxHql0OHo09/vejBpoIk7J2zQw9otYnCB4v7Tn3s=	\N	f	boyao	Bo	Yao	boyao@gmail.com	f	t	2025-05-07 23:47:55.454188+03	\N	\N		\N	f	t	patient
116	pbkdf2_sha256$870000$5YqV6Zp4oMBHl3ok3d72Dq$5OurUQBFyvSh0fkB4s0E9w3seKRBUJXYzl4rjpqzQHY=	\N	f	moisescontreras	Moises	Contreras	moisescontreras@gmail.com	f	t	2025-05-07 23:47:56.543084+03	\N	\N		\N	f	t	patient
117	pbkdf2_sha256$870000$nNjsLnkUKb8DDENcOyWqFa$3Fo7UWj61CDom/v21uhor3dBrlau87Cmk/R/Rc17mFY=	\N	f	erichoberg	Eric	Hoberg	erichoberg@gmail.com	f	t	2025-05-07 23:47:57.401721+03	\N	\N		\N	f	t	patient
118	pbkdf2_sha256$870000$BPBnne0vaGnQzjwvWszLOG$mefkqGH70u4jkvTchCIJQgo4HIq8hKacXq8Vc16ciQk=	\N	f	mercedespineda	Mercedes	Pineda	mercedespineda@gmail.com	f	t	2025-05-07 23:47:58.222547+03	\N	\N		\N	f	t	patient
119	pbkdf2_sha256$870000$q2FUtWEhm4evrM8jEJIWyC$6uql1w49a8EXHuhdBbJ1qLOfuW5HZCWX17qzCmaJdnw=	\N	f	douglasaven	Douglas	Aven	douglasaven@gmail.com	f	t	2025-05-07 23:47:59.030873+03	\N	\N		\N	f	t	patient
120	pbkdf2_sha256$870000$gh9vUM1fFEHXZaHQ97OQkC$Bm4mkSngf6Q+LIyzeChh8x+bQrkUvRXY8rKA6/RsS7Y=	\N	f	rossmaxwell	Ross	Maxwell	rossmaxwell@gmail.com	f	t	2025-05-07 23:47:59.983674+03	\N	\N		\N	f	t	patient
121	pbkdf2_sha256$870000$b5J5nsqyKFzGyd9agDxdml$MjT5OykKWL9H88YSzKo0hbQpbPC1HruS2Ne0d+moxMQ=	\N	f	jamesjr	James	Jr	jamesjr@gmail.com	f	t	2025-05-07 23:48:00.891015+03	\N	\N		\N	f	t	patient
122	pbkdf2_sha256$870000$dLCzI0q4k15fjnVyG36DjW$FxEEx8jWmTtoUiGHDypqOPCBSnTlN0tfZ44m0ChUDus=	\N	f	jameslowe	James	Lowe	jameslowe@gmail.com	f	t	2025-05-07 23:48:01.73156+03	\N	\N		\N	f	t	patient
123	pbkdf2_sha256$870000$g0ofPaGw5YIhsEs0JUJYEn$5yFDZa2Ml9SJfNNTP+k/yGJAAvPhfRIZkMSuu3FsBsk=	\N	f	myrondong	Myron	Dong	myrondong@gmail.com	f	t	2025-05-07 23:48:02.596247+03	\N	\N		\N	f	t	patient
124	pbkdf2_sha256$870000$DJAlokmsR5wkJNqG0bPcDa$ameUZh7JNhQpaDPBJXj9JL+U380NUbVerzBbwakoUxw=	\N	f	anthonytsao	Anthony	Tsao	anthonytsao@gmail.com	f	t	2025-05-07 23:48:03.612972+03	\N	\N		\N	f	t	patient
125	pbkdf2_sha256$870000$piV8gz9JPgP3vJjQXlnB3g$etcbqbNms9Vjs7B9b7nfIpgjvau1nhLZZ2QushUvRs0=	\N	f	diegolescano	Diego	Lescano	diegolescano@gmail.com	f	t	2025-05-07 23:48:04.487977+03	\N	\N		\N	f	t	patient
126	pbkdf2_sha256$870000$Ry0NNAP3zgL5bf9Uv7ROo2$PDZ8a4MgvmpKrbLr4TeKmaeJpHR2QevhzFAJs/Lys+Q=	\N	f	kimberlymizono-scott	Kimberly	Mizono-scott	kimberlymizono-scott@gmail.com	f	t	2025-05-07 23:48:05.34368+03	\N	\N		\N	f	t	patient
127	pbkdf2_sha256$870000$gHdTxoGHad4MM4zAysSnE8$ti09pH2cXxChZjP6n8WBYx9/hnvFTWcIO6n8MKXUqco=	\N	f	jessicathe	Jessica	The	jessicathe@gmail.com	f	t	2025-05-07 23:48:06.173252+03	\N	\N		\N	f	t	patient
128	pbkdf2_sha256$870000$zisT7yXWeCa8vGyw0ZIfc8$lp3ycGFVA6DlgDHcM8fyyLj8GBefmxdVYDRgILPKCWw=	\N	f	maritesjunier	Marites	Junier	maritesjunier@gmail.com	f	t	2025-05-07 23:48:06.98019+03	\N	\N		\N	f	t	patient
129	pbkdf2_sha256$870000$963lZV392vn0ZA6ADspxHY$i44tOTJ9wbB8gGD1aF4ZTtbfOWEDgwOfV7GG0FF5XQg=	\N	f	jnellgray	Jnell	Gray	jnellgray@gmail.com	f	t	2025-05-07 23:48:07.79932+03	\N	\N		\N	f	t	patient
130	pbkdf2_sha256$870000$4UBo2EIqBcRUPwKVZtEhmJ$OxNgw8r5AAdV++0h6SlZxroTu4qB8QemtUR6U+RiYiI=	\N	f	melissapitts	Melissa	Pitts	melissapitts@gmail.com	f	t	2025-05-07 23:48:08.833829+03	\N	\N		\N	f	t	patient
131	pbkdf2_sha256$870000$GcIJlvmtVXFD3ncoG7tITh$BWxoiSpqXvx/eMAv5cpGBp+Pe58sByJFG3gmW837wg4=	\N	f	elizabethcrudo	Elizabeth	Crudo	elizabethcrudo@gmail.com	f	t	2025-05-07 23:48:09.73826+03	\N	\N		\N	f	t	patient
132	pbkdf2_sha256$870000$0DqjI8dBKlFKGuOEpxhqmi$oYotEf/QpYvtCmD1uDwDV32HuL2EYIwAko1Aumsm0Mk=	\N	f	eoannaharrison	Eoanna	Harrison	eoannaharrison@gmail.com	f	t	2025-05-07 23:48:10.602835+03	\N	\N		\N	f	t	patient
133	pbkdf2_sha256$870000$XJs4uR1bkoRcUHMU9fNSrU$vChIT8+UZ3NWRrW8Zn1b3eGN6k4DeTQovUXZ0E/+RaQ=	\N	f	zunaluu	Zuna	Luu	zunaluu@gmail.com	f	t	2025-05-07 23:48:11.393499+03	\N	\N		\N	f	t	patient
134	pbkdf2_sha256$870000$gJY8m4NljmVaGFOCyU8hRY$g4VW2iyovRj1NRgpLro8x2ESE72EmWunvildnFK+b4M=	\N	f	sharonwong	Sharon	Wong	sharonwong@gmail.com	f	t	2025-05-07 23:48:12.207511+03	\N	\N		\N	f	t	patient
135	pbkdf2_sha256$870000$73rBi6nSwed6ZO20Hrz31t$nJM4SKv3XcCLJgmsxINus36A9U82icGZaOMTczYditw=	\N	f	yolandaisom	Yolanda	Isom	yolandaisom@gmail.com	f	t	2025-05-07 23:48:12.96032+03	\N	\N		\N	f	t	patient
136	pbkdf2_sha256$870000$JoMYTQhgulRGSnsjaX2O9k$9Vsr+rj6OcFWWqTwyZfqgEJSrbzAVCj8Z2fcDYUjz5w=	\N	f	patrickconroy	Patrick	Conroy	patrickconroy@gmail.com	f	t	2025-05-07 23:48:13.695356+03	\N	\N		\N	f	t	patient
137	pbkdf2_sha256$870000$uCxNllEgtSHWKwsePmr1ic$eY4R5cBXdC+XJSjn6ao4qSgHNoPd9AvrmrLFAMZrS0E=	\N	f	beverlygreen	Beverly	Green	beverlygreen@gmail.com	f	t	2025-05-07 23:48:14.476964+03	\N	\N		\N	f	t	patient
138	pbkdf2_sha256$870000$aZD3WeydjYIPHGJkLz8S6c$JDa8TVGetz8piHl4UcHF/m5RKpZgXVGjTmHwwv0OUF4=	\N	f	cbreen	C	Breen	cbreen@gmail.com	f	t	2025-05-07 23:48:15.362574+03	\N	\N		\N	f	t	patient
139	pbkdf2_sha256$870000$c2M152JPtLIFKxwmJ2FI58$QSv1rXxNRy6EPi7GnTQgrOnYqDb6lXpbvFMa8g5ji54=	\N	f	ritaortiz	Rita	Ortiz	ritaortiz@gmail.com	f	t	2025-05-07 23:48:16.175944+03	\N	\N		\N	f	t	patient
140	pbkdf2_sha256$870000$431nhB3DvNcg8z1zPoMdTq$/rqAA2FsqHau8l2Kww2iGKndkLmuFHll0MFiZ39piTk=	\N	f	marlenajung	Marlena	Jung	marlenajung@gmail.com	f	t	2025-05-07 23:48:17.11995+03	\N	\N		\N	f	t	patient
141	pbkdf2_sha256$870000$8RBnd72dXxMh9MPNlMJhaa$COKL65xFShAQGSyx8MqRw6hLh/YUDYngEPvjwrbQF5c=	\N	f	swethin	Swe	Thin	swethin@gmail.com	f	t	2025-05-07 23:48:18.01314+03	\N	\N		\N	f	t	patient
142	pbkdf2_sha256$870000$S6RFAzEsg14u2xUjI5D5Tw$LojYS1bUZMseTXpcrC9RA6SYY87SRmxYJeu+xh/4dGQ=	\N	f	thomasgonzales	Thomas	Gonzales	thomasgonzales@gmail.com	f	t	2025-05-07 23:48:19.148393+03	\N	\N		\N	f	t	patient
143	pbkdf2_sha256$870000$ra0feUARWcHhGVVtqlpREm$MxdJrwVHffIZ0W2zdU1ddGU39V8YYIRkrLlp4KnMEpQ=	\N	f	lawrencely	Lawrence	Ly	lawrencely@gmail.com	f	t	2025-05-07 23:48:20.292296+03	\N	\N		\N	f	t	patient
144	pbkdf2_sha256$870000$UnNChKDaeubQWXpegKs3b3$vspl6Sef0AgCj/RiwsI8Osh6CCJeHTmhW6s1kMDcj/c=	\N	f	richardsoares	Richard	Soares	richardsoares@gmail.com	f	t	2025-05-07 23:48:21.809945+03	\N	\N		\N	f	t	patient
145	pbkdf2_sha256$870000$VxXoUMLYcIdXew6Bh1sz8Y$j1t1kBmZC1ctOeCGHtLuxtUWNpV6ciCA8Ytqf+zzhfM=	\N	f	anthonyyambao	Anthony	Yambao	anthonyyambao@gmail.com	f	t	2025-05-07 23:48:22.786276+03	\N	\N		\N	f	t	patient
146	pbkdf2_sha256$870000$J4v8IVlnbQr539NZXNKN3Z$NgQxJROiwWH89DAX2d7LJhf59O09+GopWYHylr11irg=	\N	f	charleneoneil	Charlene	Oneil	charleneoneil@gmail.com	f	t	2025-05-07 23:48:23.688219+03	\N	\N		\N	f	t	patient
147	pbkdf2_sha256$870000$XGxhlGmr9bt5kcM4yVDh6K$GIMDpHbLty3B/apeX0iuPDMuowBKoVxoOoGw8OGIPGs=	\N	f	francesharrington	Frances	Harrington	francesharrington@gmail.com	f	t	2025-05-07 23:48:24.523806+03	\N	\N		\N	f	t	patient
149	pbkdf2_sha256$870000$BAAGfGGCn9qK4CVGJf5KGt$ky9f6946B/lCIIb4g8Cc+I0uN0eF7em17faJkO0nbBY=	\N	f	williamgoldberg	William	Goldberg	williamgoldberg@gmail.com	f	t	2025-05-07 23:48:26.101232+03	\N	\N		\N	f	t	patient
150	pbkdf2_sha256$870000$6wcbv6BCnokBc3nIRuLaSv$Tt5ENgkjfladu3cKtqM52vPowQJqLuo1+VoSxIrMR7U=	\N	f	williamjensen	William	Jensen	williamjensen@gmail.com	f	t	2025-05-07 23:48:26.88975+03	\N	\N		\N	f	t	patient
151	pbkdf2_sha256$870000$GbxVzWg1RwhggZgV7zEdwv$oUHqbulyMDwnXW0QsCxzegxSJ/j0433EnsdkJNB2ylM=	\N	f	alexanderhung	Alexander	Hung	alexanderhung@gmail.com	f	t	2025-05-07 23:48:27.667684+03	\N	\N		\N	f	t	patient
152	pbkdf2_sha256$870000$kkOZjDawhVPBkAZGGXw043$qyfZSMj23Zt3l3wnj4ozvur5fQP+uq30t7yLMwlhnSE=	\N	f	robertiii	Robert	Iii	robertiii@gmail.com	f	t	2025-05-07 23:48:28.406385+03	\N	\N		\N	f	t	patient
153	pbkdf2_sha256$870000$Py5Itb2VWfZwsAuXfDf43F$2UIO2jbVUrB5m+rvfOUuDxHSn1z6nrhUsqoDyAmJLdg=	\N	f	geraldineashley	Geraldine	Ashley	geraldineashley@gmail.com	f	t	2025-05-07 23:48:29.193674+03	\N	\N		\N	f	t	patient
159	pbkdf2_sha256$870000$U5IAv6prb1GfwuTXYIrKX1$Luq/WiPqi0yG13N541JG5M7r4PzhfGvdJOr3e3dudRs=	2025-05-08 11:48:11.251719+03	f	mac	mac	mtavangu	mac@gmail.com	f	t	2025-05-08 02:17:03.644271+03	\N	\N		\N	f	t	patient
156	pbkdf2_sha256$870000$cqANpfHtj00mYvwFV1hPZv$S9XoUoaeRhfvJzXKDS5pBewceCNviRgwYu9oUemRTmo=	\N	t	technician	Tar	Xemo	technician@gmail.com	t	t	2025-05-08 00:14:25+03	\N	Dodoma		2025-05-07	f	t	lab_technician
154	pbkdf2_sha256$870000$QL6p9U0IDKGZLgVWnGYhBe$oxB7aGG2khWEb2tvdtQm5l+ofCBe1VUVpeMFdhrwzm8=	2025-05-08 00:34:22.352501+03	f	tarxemo	Tar	Xemo	tarxemo@gmail.com	f	t	2025-05-07 23:48:42.577733+03	\N	\N		\N	f	t	patient
158	pbkdf2_sha256$870000$kHFdAq8zQKOvseVQGleDB0$PhQ4kSPaVg4HmKRW+1Jb/GNbHFBHSBesUpR0gXke16U=	\N	f	patient	Tar	Xemo	tarxemo@gmail.com	f	t	2025-05-08 01:16:59.776781+03	\N	\N		\N	f	t	patient
157	pbkdf2_sha256$870000$IRZC3B9kB92WlBKwEYbYTL$xHR/lzBuUIFuNZ+HRUpjPf1Qhsodiad/Z/Jwr8JxnbY=	2025-05-08 01:18:43.300181+03	t	admin	Tar	Xemo	admin@gmail.com	t	t	2025-05-08 00:15:03+03	\N	Dodoma		2025-05-07	t	t	admin
148	pbkdf2_sha256$870000$aUisJtl70D4PZ1ICWxnjuy$EhmMtwV8i5XgcoTscVnpiN+OGdHXyoPfaBGBVZzOF/8=	2025-05-08 21:30:40.772225+03	f	saraslarkin	Saras	Larkin	saraslarkin@gmail.com	f	t	2025-05-07 23:48:25.331615+03	\N	\N		\N	f	t	patient
160	pbkdf2_sha256$870000$1CtinPCTqGIz8A2uV4ILBX$mNxVDgWw106fjFR/XqN9wAOIHkfd8L8AnCSIau0lTTc=	2025-05-08 21:32:10.721524+03	f	jerry	jeremy	lema	jerry@gmail.com	f	t	2025-05-08 21:23:13.717315+03	\N	\N		\N	f	t	patient
155	pbkdf2_sha256$870000$VNyW28noO0WT2rabaakXM8$fyBWV7hXkUmN95lHhIShATm2unUB1sV5A2JNqrEJdgw=	2025-05-11 22:55:31.739788+03	t	doctor	John	Smith	doctor@gmail.com	t	t	2025-05-08 00:13:53+03	\N			\N	f	t	doctor
\.


--
-- Data for Name: authApp_customuser_groups; Type: TABLE DATA; Schema: public; Owner: tarxemo
--

COPY public."authApp_customuser_groups" (id, customuser_id, group_id) FROM stdin;
\.


--
-- Data for Name: authApp_customuser_user_permissions; Type: TABLE DATA; Schema: public; Owner: tarxemo
--

COPY public."authApp_customuser_user_permissions" (id, customuser_id, permission_id) FROM stdin;
\.


--
-- Data for Name: auth_group; Type: TABLE DATA; Schema: public; Owner: tarxemo
--

COPY public.auth_group (id, name) FROM stdin;
\.


--
-- Data for Name: auth_group_permissions; Type: TABLE DATA; Schema: public; Owner: tarxemo
--

COPY public.auth_group_permissions (id, group_id, permission_id) FROM stdin;
\.


--
-- Data for Name: auth_permission; Type: TABLE DATA; Schema: public; Owner: tarxemo
--

COPY public.auth_permission (id, name, content_type_id, codename) FROM stdin;
1	Can add log entry	1	add_logentry
2	Can change log entry	1	change_logentry
3	Can delete log entry	1	delete_logentry
4	Can view log entry	1	view_logentry
5	Can add permission	2	add_permission
6	Can change permission	2	change_permission
7	Can delete permission	2	delete_permission
8	Can view permission	2	view_permission
9	Can add group	3	add_group
10	Can change group	3	change_group
11	Can delete group	3	delete_group
12	Can view group	3	view_group
13	Can add content type	4	add_contenttype
14	Can change content type	4	change_contenttype
15	Can delete content type	4	delete_contenttype
16	Can view content type	4	view_contenttype
17	Can add session	5	add_session
18	Can change session	5	change_session
19	Can delete session	5	delete_session
20	Can view session	5	view_session
21	Can add user	6	add_customuser
22	Can change user	6	change_customuser
23	Can delete user	6	delete_customuser
24	Can view user	6	view_customuser
25	Can add medical test	7	add_medicaltest
26	Can change medical test	7	change_medicaltest
27	Can delete medical test	7	delete_medicaltest
28	Can view medical test	7	view_medicaltest
29	Can add symptom	8	add_symptom
30	Can change symptom	8	change_symptom
31	Can delete symptom	8	delete_symptom
32	Can view symptom	8	view_symptom
33	Can add doctor	9	add_doctor
34	Can change doctor	9	change_doctor
35	Can delete doctor	9	delete_doctor
36	Can view doctor	9	view_doctor
37	Can add disease	10	add_disease
38	Can change disease	10	change_disease
39	Can delete disease	10	delete_disease
40	Can view disease	10	view_disease
41	Can add lab tech	11	add_labtech
42	Can change lab tech	11	change_labtech
43	Can delete lab tech	11	delete_labtech
44	Can view lab tech	11	view_labtech
45	Can add laboratory	12	add_laboratory
46	Can change laboratory	12	change_laboratory
47	Can delete laboratory	12	delete_laboratory
48	Can view laboratory	12	view_laboratory
49	Can add patient	13	add_patient
50	Can change patient	13	change_patient
51	Can delete patient	13	delete_patient
52	Can view patient	13	view_patient
53	Can add consultation	14	add_consultation
54	Can change consultation	14	change_consultation
55	Can delete consultation	14	delete_consultation
56	Can view consultation	14	view_consultation
57	Can add appointment	15	add_appointment
58	Can change appointment	15	change_appointment
59	Can delete appointment	15	delete_appointment
60	Can view appointment	15	view_appointment
61	Can add prescribed test	16	add_prescribedtest
62	Can change prescribed test	16	change_prescribedtest
63	Can delete prescribed test	16	delete_prescribedtest
64	Can view prescribed test	16	view_prescribedtest
65	Can add test order	17	add_testorder
66	Can change test order	17	change_testorder
67	Can delete test order	17	delete_testorder
68	Can view test order	17	view_testorder
69	Can add test result	18	add_testresult
70	Can change test result	18	change_testresult
71	Can delete test result	18	delete_testresult
72	Can view test result	18	view_testresult
73	Can add prescription	19	add_prescription
74	Can change prescription	19	change_prescription
75	Can delete prescription	19	delete_prescription
76	Can view prescription	19	view_prescription
\.


--
-- Data for Name: django_admin_log; Type: TABLE DATA; Schema: public; Owner: tarxemo
--

COPY public.django_admin_log (id, action_time, object_id, object_repr, action_flag, change_message, content_type_id, user_id) FROM stdin;
1	2025-05-08 00:15:57.85417+03	41	Dr.  (UTI)	1	[{"added": {}}]	9	157
2	2025-05-08 00:16:46.742804+03	24	Dr.  (UTI)	1	[{"added": {}}]	11	157
3	2025-05-08 00:17:35.8912+03	157	admin	2	[{"changed": {"fields": ["First name", "Last name", "Address", "Date of birth", "Is verified", "User type"]}}]	6	157
4	2025-05-08 00:18:01.66921+03	156	technician	2	[{"changed": {"fields": ["First name", "Last name", "Address", "Date of birth", "User type"]}}]	6	157
5	2025-05-08 00:18:14.360391+03	155	doctor	2	[{"changed": {"fields": ["User type"]}}]	6	157
6	2025-05-08 01:35:19.147488+03	1	UTI	1	[{"added": {}}]	7	157
7	2025-05-08 01:35:26.767361+03	2	Typhoid	1	[{"added": {}}]	7	157
8	2025-05-08 01:35:33.878012+03	3	Malaria	1	[{"added": {}}]	7	157
9	2025-05-08 01:43:43.392009+03	32	Dr. Ross Maxwell (Orthopedics)	3		9	157
10	2025-05-08 01:43:43.392273+03	31	Dr. Moises Contreras (Neurology)	3		9	157
11	2025-05-08 01:43:43.392372+03	30	Dr. Lisbet Gamez (Pediatrics)	3		9	157
12	2025-05-08 01:43:43.392443+03	29	Dr. David Cairo (Pediatrics)	3		9	157
13	2025-05-08 01:43:43.392513+03	28	Dr. S Jr (Cardiology)	3		9	157
14	2025-05-08 01:43:43.392579+03	27	Dr. Sergio Munoz (Cardiology)	3		9	157
15	2025-05-08 01:43:43.392636+03	26	Dr. Jeanne Lee (Cardiology)	3		9	157
16	2025-05-08 01:43:43.39269+03	25	Dr. Michael Green (Pediatrics)	3		9	157
17	2025-05-08 01:43:43.392743+03	24	Dr. Basheba Walls (Neurology)	3		9	157
18	2025-05-08 01:43:43.392799+03	23	Dr. Hang Ngo (Neurology)	3		9	157
19	2025-05-08 01:43:43.392851+03	22	Dr. Jayesh Parmar (Pediatrics)	3		9	157
20	2025-05-08 01:43:43.392907+03	21	Dr. Jasmine Win (Pediatrics)	3		9	157
21	2025-05-08 01:43:43.393007+03	20	Dr. Gary Ho (Orthopedics)	3		9	157
22	2025-05-08 01:43:43.393061+03	19	Dr. Armando Villanueva (Pediatrics)	3		9	157
23	2025-05-08 01:43:43.393113+03	18	Dr. Jiayo Chiang (Pediatrics)	3		9	157
24	2025-05-08 01:43:43.393224+03	17	Dr. Calvin Tom (Pediatrics)	3		9	157
25	2025-05-08 01:43:43.393285+03	16	Dr. Margaret Moran (Cardiology)	3		9	157
26	2025-05-08 01:43:43.393337+03	15	Dr. Emily Gerth (Cardiology)	3		9	157
27	2025-05-08 01:43:43.393388+03	14	Dr. Rosalyn Tillery (Orthopedics)	3		9	157
28	2025-05-08 01:43:43.393439+03	13	Dr. Raymond Huang (Cardiology)	3		9	157
29	2025-05-08 01:43:43.393489+03	12	Dr. Hilario Jr (Pediatrics)	3		9	157
30	2025-05-08 01:43:43.39354+03	11	Dr. Kevin Lewis (Pediatrics)	3		9	157
31	2025-05-08 01:43:43.393594+03	10	Dr. Jalaina Gordon (Cardiology)	3		9	157
32	2025-05-08 01:43:43.393645+03	9	Dr. Arkadiy Titiyevskiy (Pediatrics)	3		9	157
33	2025-05-08 01:43:43.393695+03	8	Dr. Hernando Patarroyo (Cardiology)	3		9	157
34	2025-05-08 01:43:43.393748+03	7	Dr. Gail Norman (Pediatrics)	3		9	157
35	2025-05-08 01:43:43.393799+03	6	Dr. Lennart Moller (Cardiology)	3		9	157
36	2025-05-08 01:43:43.393849+03	5	Dr. Enoch Ludlow (Neurology)	3		9	157
37	2025-05-08 01:43:43.393898+03	4	Dr. Dean Geikas (Pediatrics)	3		9	157
38	2025-05-08 01:43:43.393992+03	3	Dr. Troy Carrasco (Pediatrics)	3		9	157
39	2025-05-08 01:43:43.394044+03	2	Dr. Kimberly Fraser (Cardiology)	3		9	157
40	2025-05-08 01:43:43.394092+03	1	Dr. Timothy Yao (Neurology)	3		9	157
41	2025-05-08 01:45:07.362644+03	1	Lab: dodoma	1	[{"added": {}}]	12	157
42	2025-05-08 02:32:06.909+03	8	Consultation: Tar Xemo - Malaria	1	[{"added": {}}]	14	157
43	2025-05-08 02:32:15.919547+03	1	Prescribed Test: UTI, Typhoid for Tar Xemo	1	[{"added": {}}]	16	157
44	2025-05-08 02:32:33.288016+03	2	Test Result for Order #ORD-3919E8E1 - UTI for Tar Xemo	2	[{"changed": {"fields": ["Result file", "Prescribed test"]}}]	18	157
45	2025-05-08 02:32:45.13238+03	1	Test Result for Order #ORD-38C1DC3A - UTI for Marianna Kjobmand	3		18	157
46	2025-05-08 08:14:40.044037+03	6	Consultation: mac mtavangu - None	3		14	157
47	2025-05-08 08:14:40.044334+03	5	Consultation: Tar Xemo - None	3		14	157
48	2025-05-08 08:14:40.044524+03	4	Consultation: Tar Xemo - None	3		14	157
49	2025-05-08 08:14:40.044699+03	3	Consultation: Tar Xemo - None	3		14	157
50	2025-05-08 08:14:40.044869+03	2	Consultation: Tar Xemo - None	3		14	157
51	2025-05-08 08:14:40.045034+03	1	Consultation: Tar Xemo - None	3		14	157
52	2025-05-08 10:34:34.195999+03	155	doctor	2	[{"changed": {"fields": ["First name", "Last name"]}}]	6	157
53	2025-05-08 11:27:11.884911+03	3	Malaria	2	[{"changed": {"fields": ["Doctors"]}}]	10	155
54	2025-05-08 11:27:25.984582+03	2	Typhoid	2	[{"changed": {"fields": ["Doctors"]}}]	10	155
55	2025-05-08 11:27:36.126085+03	1	UTI	2	[{"changed": {"fields": ["Doctors"]}}]	10	155
\.


--
-- Data for Name: django_content_type; Type: TABLE DATA; Schema: public; Owner: tarxemo
--

COPY public.django_content_type (id, app_label, model) FROM stdin;
1	admin	logentry
2	auth	permission
3	auth	group
4	contenttypes	contenttype
5	sessions	session
6	authApp	customuser
7	patient	medicaltest
8	patient	symptom
9	patient	doctor
10	patient	disease
11	patient	labtech
12	patient	laboratory
13	patient	patient
14	patient	consultation
15	patient	appointment
16	patient	prescribedtest
17	patient	testorder
18	patient	testresult
19	patient	prescription
\.


--
-- Data for Name: django_migrations; Type: TABLE DATA; Schema: public; Owner: tarxemo
--

COPY public.django_migrations (id, app, name, applied) FROM stdin;
1	contenttypes	0001_initial	2025-05-07 23:42:15.331193+03
2	contenttypes	0002_remove_content_type_name	2025-05-07 23:42:15.34742+03
3	auth	0001_initial	2025-05-07 23:42:15.422077+03
4	auth	0002_alter_permission_name_max_length	2025-05-07 23:42:15.433587+03
5	auth	0003_alter_user_email_max_length	2025-05-07 23:42:15.44815+03
6	auth	0004_alter_user_username_opts	2025-05-07 23:42:15.465535+03
7	auth	0005_alter_user_last_login_null	2025-05-07 23:42:15.486016+03
8	auth	0006_require_contenttypes_0002	2025-05-07 23:42:15.48996+03
9	auth	0007_alter_validators_add_error_messages	2025-05-07 23:42:15.505604+03
10	auth	0008_alter_user_username_max_length	2025-05-07 23:42:15.523103+03
11	auth	0009_alter_user_last_name_max_length	2025-05-07 23:42:15.541871+03
12	auth	0010_alter_group_name_max_length	2025-05-07 23:42:15.557389+03
13	auth	0011_update_proxy_permissions	2025-05-07 23:42:15.574089+03
14	auth	0012_alter_user_first_name_max_length	2025-05-07 23:42:15.586625+03
15	authApp	0001_initial	2025-05-07 23:42:15.662157+03
16	admin	0001_initial	2025-05-07 23:42:15.69991+03
17	admin	0002_logentry_remove_auto_add	2025-05-07 23:42:15.719412+03
18	admin	0003_logentry_add_action_flag_choices	2025-05-07 23:42:15.741251+03
19	patient	0001_initial	2025-05-07 23:42:16.378488+03
20	sessions	0001_initial	2025-05-07 23:42:16.405215+03
21	patient	0002_testorder_doctor	2025-05-08 02:38:03.165651+03
22	patient	0003_testresult_patient	2025-05-08 09:28:08.128256+03
23	patient	0004_remove_laboratory_address_and_more	2025-05-11 22:42:08.530894+03
24	patient	0005_prescription_prescribed_at	2025-05-11 22:46:24.858562+03
\.


--
-- Data for Name: django_session; Type: TABLE DATA; Schema: public; Owner: tarxemo
--

COPY public.django_session (session_key, session_data, expire_date) FROM stdin;
0oqg35a9ueiasr8zvbx6fdoj46vxwrg2	.eJxVjEEOwiAQRe_C2hCGMgy4dO8ZyBSmUjVtUtqV8e7apAvd_vfef6nE21rT1mRJY1FnBYjq9Lv2nB8y7ajcebrNOs_Tuoy93hV90Kavc5Hn5XD_Diq3-q2HEA1FchFdAMoIHWQkCcguGCrF99n7weQIXqwgQ0QLHXkLHoIQq_cH-Zk22A:1uD62O:ZyheBE-zed0doqm-ixJssYPqED2W1L2B6So7Nqqs0Rk	2025-05-22 21:32:04.799206+03
h0yo7hebbp376msirbgjev1mluav1hyk	.eJxVjDEOwjAMRe-SGUVOcdyEkZ0zVI4daAElUtNOiLtDpQ6w_vfef5mB12Uc1pbnYVJzMo7AHH7XxPLIZUN653KrVmpZ5inZTbE7bfZSNT_Pu_t3MHIbv3UPKp5UIjjCQFm8ix0Ff6RIiAgKTkICjVd24pGpdxyw054iBoRk3h8AlTby:1uD62U:-FnAXw0HyilggudBEylE_XJGoRgrQ3lsI8uINg3O-Qs	2025-05-22 21:32:10.74556+03
qtiwjtqlviu0wfdqbgddml9d8oh59fde	.eJxVjEEOwiAQRe_C2hCGMgy4dO8ZyBSmUjVtUtqV8e7apAvd_vfef6nE21rT1mRJY1FnBYjq9Lv2nB8y7ajcebrNOs_Tuoy93hV90Kavc5Hn5XD_Diq3-q2HEA1FchFdAMoIHWQkCcguGCrF99n7weQIXqwgQ0QLHXkLHoIQq_cH-Zk22A:1uECln:08-02sr-1wOi3-8KuK-TvFxiRpB1h0TJy4YGFWpH9O8	2025-05-25 22:55:31.751085+03
\.


--
-- Data for Name: patient_appointment; Type: TABLE DATA; Schema: public; Owner: tarxemo
--

COPY public.patient_appointment (id, date_time, location, status, notes, doctor_id, patient_id) FROM stdin;
\.


--
-- Data for Name: patient_consultation; Type: TABLE DATA; Schema: public; Owner: tarxemo
--

COPY public.patient_consultation (id, status, created_at, updated_at, disease_id, doctor_id, patient_id) FROM stdin;
7	Pending	2025-05-08 02:25:47.343836+03	2025-05-08 02:25:47.343852+03	\N	41	92
8	Completed	2025-05-08 02:32:06.904288+03	2025-05-08 02:32:06.9043+03	3	41	90
9	Pending	2025-05-08 08:13:43.312082+03	2025-05-08 08:13:43.312216+03	\N	40	91
10	Pending	2025-05-08 09:45:19.069852+03	2025-05-08 09:45:19.069997+03	\N	41	92
11	Pending	2025-05-08 10:33:20.22611+03	2025-05-08 10:33:20.226123+03	\N	41	92
12	Completed	2025-05-08 21:40:30.939677+03	2025-05-08 21:40:30.939762+03	\N	41	93
13	Completed	2025-05-08 21:45:48.309608+03	2025-05-08 21:45:48.309666+03	\N	41	93
\.


--
-- Data for Name: patient_consultation_symptoms; Type: TABLE DATA; Schema: public; Owner: tarxemo
--

COPY public.patient_consultation_symptoms (id, consultation_id, symptom_id) FROM stdin;
5	7	8
6	7	9
7	7	2
8	8	2
9	8	3
10	9	9
11	9	10
12	9	7
13	10	17
14	10	10
15	10	13
16	11	9
17	12	9
18	12	10
19	12	11
20	13	1
21	13	13
22	13	14
23	13	15
\.


--
-- Data for Name: patient_disease; Type: TABLE DATA; Schema: public; Owner: tarxemo
--

COPY public.patient_disease (id, name, description) FROM stdin;
3	Malaria	Information about Malaria
2	Typhoid	Information about Typhoid
1	UTI	Information about UTI
\.


--
-- Data for Name: patient_disease_doctors; Type: TABLE DATA; Schema: public; Owner: tarxemo
--

COPY public.patient_disease_doctors (id, disease_id, doctor_id) FROM stdin;
10	3	40
11	3	41
12	3	39
13	2	40
14	2	41
15	2	39
16	1	40
17	1	41
18	1	39
\.


--
-- Data for Name: patient_disease_related_symptoms; Type: TABLE DATA; Schema: public; Owner: tarxemo
--

COPY public.patient_disease_related_symptoms (id, disease_id, symptom_id) FROM stdin;
1	1	1
2	1	2
3	1	3
4	1	4
5	1	5
6	1	6
7	1	7
8	1	8
9	1	9
10	1	10
11	2	11
12	2	12
13	2	13
14	2	14
15	2	15
16	2	16
17	2	17
18	2	18
19	2	19
20	2	20
21	3	8
22	3	21
23	3	12
24	3	22
25	3	23
26	3	24
27	3	25
28	3	19
29	3	26
30	3	27
\.


--
-- Data for Name: patient_doctor; Type: TABLE DATA; Schema: public; Owner: tarxemo
--

COPY public.patient_doctor (id, phone_number, address, profile_image, specialization, license_number, years_of_experience, is_available, user_id) FROM stdin;
33	+255795091553	Unknown Address		Pediatrics	D-32734	22	f	124
34	+255778598119	Unknown Address		Neurology	D-14729	8	f	128
35	+255724836970	Unknown Address		Orthopedics	D-79254	1	t	132
36	+255738898573	Unknown Address		Orthopedics	D-60769	26	f	136
37	+255744065728	Unknown Address		Pediatrics	D-61659	18	f	140
38	+255717998761	Unknown Address		Cardiology	D-68354	21	f	144
39	+255787752416	Unknown Address		Orthopedics	D-35886	1	f	148
40	+255714502723	Unknown Address		Pediatrics	D-16402	8	t	152
41	+255742106831	dosoma		UTI	2332	3	t	155
\.


--
-- Data for Name: patient_laboratory; Type: TABLE DATA; Schema: public; Owner: tarxemo
--

COPY public.patient_laboratory (id, lab_name, accreditation_number, email, location, description, created_at, lab_tech_id) FROM stdin;
1	dodoma	3werwee	voicepowered@lab.com	Dar es salaam	Ready to Serve you at best standards	2025-05-08 01:45:07.349866+03	24
3	Coed	lab-11	voicepowered@lab.com	Dodoma	Ready to Serve you at best standards	2025-05-08 11:08:23.8025+03	23
\.


--
-- Data for Name: patient_labtech; Type: TABLE DATA; Schema: public; Owner: tarxemo
--

COPY public.patient_labtech (id, phone_number, address, profile_image, specialization, license_number, years_of_experience, is_available, user_id) FROM stdin;
1	+255740261030	Unknown Address		Microbiology	L-72522	13	t	6
2	+255787505192	Unknown Address		Radiology	L-93211	14	t	11
3	+255738492915	Unknown Address		Hematology	L-71621	14	f	16
4	+255756121887	Unknown Address		Microbiology	L-90760	5	t	26
5	+255749612122	Unknown Address		Hematology	L-49130	17	t	31
6	+255774290831	Unknown Address		Hematology	L-87437	8	t	36
7	+255727906495	Unknown Address		Radiology	L-64743	9	f	43
8	+255724662667	Unknown Address		Hematology	L-37827	10	t	48
9	+255755802561	Unknown Address		Radiology	L-47304	15	t	53
10	+255726747018	Unknown Address		Microbiology	L-75492	17	t	63
11	+255780392673	Unknown Address		Microbiology	L-31919	6	f	68
12	+255727139767	Unknown Address		Hematology	L-23774	20	f	73
13	+255788464377	Unknown Address		Hematology	L-90077	19	t	83
14	+255790088011	Unknown Address		Hematology	L-99783	17	f	89
15	+255752364115	Unknown Address		Hematology	L-95218	5	f	94
16	+255714521146	Unknown Address		Radiology	L-16885	16	f	99
17	+255782906053	Unknown Address		Hematology	L-15874	6	f	109
18	+255728497144	Unknown Address		Hematology	L-35513	20	t	114
19	+255798938629	Unknown Address		Hematology	L-77999	11	t	119
20	+255747523709	Unknown Address		Hematology	L-33535	4	t	129
21	+255791542207	Unknown Address		Radiology	L-86815	20	f	134
22	+255716005045	Unknown Address		Radiology	L-16771	12	t	139
23	+255761214223	Unknown Address		Hematology	L-50447	8	t	149
24	+255742106836	dodoma		UTI	23323	5	t	156
\.


--
-- Data for Name: patient_medicaltest; Type: TABLE DATA; Schema: public; Owner: tarxemo
--

COPY public.patient_medicaltest (id, name, description) FROM stdin;
1	UTI	
2	Typhoid	
3	Malaria	
\.


--
-- Data for Name: patient_patient; Type: TABLE DATA; Schema: public; Owner: tarxemo
--

COPY public.patient_patient (id, phone_number, address, profile_image, date_of_birth, gender, medical_history, user_id) FROM stdin;
1	+255742820751	Unknown Address		2002-10-23	Other	No history available	2
2	+255725920354	Unknown Address		1964-07-25	Other	No history available	3
3	+255756452908	Unknown Address		1992-10-29	Male	No history available	4
4	+255741825319	Unknown Address		1997-10-09	Female	No history available	7
5	+255763912015	Unknown Address		1997-05-20	Male	No history available	8
6	+255792596862	Unknown Address		2013-01-09	Female	No history available	10
7	+255733544433	Unknown Address		1955-10-22	Other	No history available	12
8	+255715750318	Unknown Address		2011-07-28	Female	No history available	14
9	+255727904424	Unknown Address		1953-11-08	Other	No history available	15
10	+255736028879	Unknown Address		1997-06-25	Male	No history available	18
11	+255762818146	Unknown Address		1953-02-02	Other	No history available	19
12	+255735017132	Unknown Address		1971-05-01	Other	No history available	20
13	+255793219670	Unknown Address		1974-02-24	Female	No history available	22
14	+255764972704	Unknown Address		1962-01-13	Other	No history available	23
15	+255790614842	Unknown Address		1987-01-15	Male	No history available	24
16	+255769710516	Unknown Address		1984-04-09	Female	No history available	27
17	+255716885116	Unknown Address		1996-06-20	Female	No history available	28
18	+255724645023	Unknown Address		1987-03-10	Female	No history available	30
19	+255762663039	Unknown Address		1957-03-20	Male	No history available	32
20	+255753164722	Unknown Address		1977-03-13	Female	No history available	34
21	+255726624825	Unknown Address		2005-08-12	Female	No history available	35
22	+255734522826	Unknown Address		1949-05-13	Female	No history available	39
23	+255752423053	Unknown Address		1978-08-28	Female	No history available	40
24	+255729174183	Unknown Address		1948-05-05	Male	No history available	41
25	+255735361783	Unknown Address		1951-06-04	Female	No history available	44
26	+255773759390	Unknown Address		1998-05-16	Other	No history available	45
27	+255737868029	Unknown Address		2006-06-18	Male	No history available	47
28	+255787967065	Unknown Address		1972-11-19	Male	No history available	49
29	+255777058021	Unknown Address		1949-10-16	Other	No history available	51
30	+255713796154	Unknown Address		1981-10-28	Female	No history available	52
31	+255799958283	Unknown Address		1958-01-30	Female	No history available	55
32	+255788344364	Unknown Address		1994-10-30	Male	No history available	56
33	+255716990603	Unknown Address		1985-08-26	Male	No history available	57
34	+255748294560	Unknown Address		1967-01-08	Female	No history available	59
35	+255742657882	Unknown Address		1974-07-22	Female	No history available	60
36	+255730201566	Unknown Address		1986-01-14	Other	No history available	61
37	+255774942277	Unknown Address		2007-07-05	Male	No history available	64
38	+255731951512	Unknown Address		1991-06-13	Male	No history available	65
39	+255739639970	Unknown Address		1961-07-02	Female	No history available	67
40	+255795226347	Unknown Address		1992-12-18	Other	No history available	69
41	+255792503980	Unknown Address		2011-10-22	Male	No history available	71
42	+255726468243	Unknown Address		2015-03-26	Male	No history available	72
43	+255739656727	Unknown Address		1952-09-19	Other	No history available	75
44	+255772474521	Unknown Address		1974-06-08	Female	No history available	76
45	+255720358732	Unknown Address		2005-10-25	Female	No history available	77
46	+255746919809	Unknown Address		1949-04-23	Male	No history available	79
47	+255751095875	Unknown Address		1948-05-12	Male	No history available	80
48	+255750969404	Unknown Address		2000-03-20	Female	No history available	81
49	+255761301125	Unknown Address		1950-10-13	Female	No history available	85
50	+255717421048	Unknown Address		2006-04-23	Male	No history available	86
51	+255771118830	Unknown Address		1953-04-01	Other	No history available	87
52	+255732064970	Unknown Address		1989-01-16	Male	No history available	90
53	+255752663750	Unknown Address		1956-02-10	Other	No history available	91
54	+255735290941	Unknown Address		1981-09-08	Male	No history available	93
55	+255780704657	Unknown Address		1989-08-02	Male	No history available	95
56	+255779244698	Unknown Address		2006-09-23	Other	No history available	97
57	+255792324945	Unknown Address		1979-05-12	Female	No history available	98
58	+255789663555	Unknown Address		1969-10-15	Male	No history available	101
59	+255793381786	Unknown Address		1958-08-29	Other	No history available	102
60	+255723805403	Unknown Address		1971-05-11	Other	No history available	103
61	+255771892960	Unknown Address		2008-03-04	Female	No history available	105
62	+255747998523	Unknown Address		1958-01-03	Other	No history available	106
63	+255752735663	Unknown Address		1949-11-13	Other	No history available	107
64	+255762832585	Unknown Address		1958-04-18	Other	No history available	110
65	+255725093032	Unknown Address		1973-05-02	Female	No history available	111
66	+255784785795	Unknown Address		1965-09-08	Other	No history available	113
67	+255771027881	Unknown Address		1945-10-21	Male	No history available	115
68	+255769816003	Unknown Address		1958-01-05	Female	No history available	117
69	+255783701522	Unknown Address		1973-07-20	Male	No history available	118
70	+255724350044	Unknown Address		1967-02-20	Female	No history available	121
71	+255730676913	Unknown Address		1968-04-28	Female	No history available	122
72	+255715799437	Unknown Address		1948-04-12	Male	No history available	123
73	+255770873480	Unknown Address		1982-03-18	Other	No history available	125
74	+255755070125	Unknown Address		2011-07-01	Male	No history available	126
75	+255797697601	Unknown Address		2006-09-19	Other	No history available	127
76	+255778095904	Unknown Address		1998-01-05	Other	No history available	130
77	+255762605721	Unknown Address		1964-04-01	Other	No history available	131
78	+255729478512	Unknown Address		1988-06-20	Male	No history available	133
79	+255746572954	Unknown Address		1987-08-15	Other	No history available	135
80	+255748226284	Unknown Address		1982-12-14	Male	No history available	137
81	+255747151218	Unknown Address		2014-05-20	Female	No history available	138
82	+255740178597	Unknown Address		1957-08-28	Other	No history available	141
83	+255752556523	Unknown Address		1991-08-01	Female	No history available	142
84	+255758072783	Unknown Address		1952-02-01	Male	No history available	143
85	+255755681074	Unknown Address		1995-05-14	Female	No history available	145
86	+255733070485	Unknown Address		1987-04-26	Other	No history available	146
87	+255729657497	Unknown Address		1972-09-29	Other	No history available	147
88	+255721801910	Unknown Address		1985-06-07	Other	No history available	150
89	+255744651109	Unknown Address		1980-01-25	Other	No history available	151
90	\N	\N		\N	\N	\N	154
91	\N	\N		\N	\N	\N	158
92	\N	\N		\N	\N	\N	159
93	\N	\N		\N	\N	\N	160
\.


--
-- Data for Name: patient_prescribedtest; Type: TABLE DATA; Schema: public; Owner: tarxemo
--

COPY public.patient_prescribedtest (id, notes, consultation_id) FROM stdin;
1	for you	8
\.


--
-- Data for Name: patient_prescribedtest_test; Type: TABLE DATA; Schema: public; Owner: tarxemo
--

COPY public.patient_prescribedtest_test (id, prescribedtest_id, medicaltest_id) FROM stdin;
1	1	1
2	1	2
\.


--
-- Data for Name: patient_prescription; Type: TABLE DATA; Schema: public; Owner: tarxemo
--

COPY public.patient_prescription (id, medication, dosage, instructions, consultation_id, test_result_id, doctor_id, prescribed_at) FROM stdin;
1	sdfgsd	sdgsd	sdfgsd	8	3	\N	2025-05-11 22:46:24.848622+03
2	asdfasdf	sdgsd	sdfasfd	10	7	\N	2025-05-11 22:46:24.848622+03
3	mseto	daily	1x2	11	8	\N	2025-05-11 22:46:24.848622+03
5	msetox	1x3	use it carefuuly	13	9	\N	2025-05-11 22:46:24.848622+03
\.


--
-- Data for Name: patient_symptom; Type: TABLE DATA; Schema: public; Owner: tarxemo
--

COPY public.patient_symptom (id, name, description, swahili_name) FROM stdin;
1	Painful urination	\N	Mkojo wenye maumivu
2	Frequent urination	\N	Kukojoa mara kwa mara
3	Urgency to urinate	\N	Haraka ya kukojoa
4	Lower abdominal pain	\N	Maumivu ya tumbo chini
5	Cloudy urine	\N	Mkojo wenye usito
6	Blood in urine	\N	Damu katika mkojo
7	Pelvic pain	\N	Maumivu ya kiuno
8	Fever	\N	Homa
9	Foul-smelling urine	\N	Mkojo wenye harufu mbaya
10	Burning sensation	\N	Moto wakati wa kukojoa
11	High fever	\N	Homa kali
12	Headache	\N	Maumivu ya kichwa
13	Weakness	\N	Uchovu
14	Stomach pain	\N	Maumivu ya tumbo
15	Loss of appetite	\N	Kupoteza hamu ya kula
16	Rash	\N	Upele
17	Constipation or diarrhea	\N	Kuharisha au kuvimba tumbo
18	Muscle aches	\N	Maumivu ya misuli
19	Sweating	\N	Kutokwa na jasho
20	Dry cough	\N	Kikohozi kikavu
21	Chills	\N	Baridi kali
22	Nausea	\N	Kichefuchefu
23	Vomiting	\N	Kutapika
24	Muscle pain	\N	Maumivu ya misuli
25	Fatigue	\N	Uchovu
26	Chest pain	\N	Maumivu ya kifua
27	Abdominal pain	\N	Maumivu ya tumbo
\.


--
-- Data for Name: patient_testorder; Type: TABLE DATA; Schema: public; Owner: tarxemo
--

COPY public.patient_testorder (id, order_id, priority, status, received_time, patient_id, test_type_id, doctor_id) FROM stdin;
1	ORD-38C1DC3A	high	completed	2025-05-08 01:35:54.698981+03	18	1	\N
2	ORD-6C5A42F6	high	completed	2025-05-08 01:36:12.687411+03	91	3	\N
3	ORD-3919E8E1	normal	completed	2025-05-08 01:59:16.57164+03	90	1	\N
4	ORD-732A1CDD	urgent	completed	2025-05-08 02:06:25.390046+03	90	3	\N
5	ORD-491C4EF4	urgent	completed	2025-05-08 08:27:42.229361+03	90	2	\N
6	ORD-15274099	high	completed	2025-05-08 09:47:06.641364+03	92	3	\N
7	ORD-CC014763	urgent	completed	2025-05-08 10:51:36.738871+03	18	3	\N
8	ORD-F8880A2B	high	completed	2025-05-08 21:33:53.152086+03	93	3	\N
9	ORD-B39EFD14	urgent	completed	2025-05-08 21:53:54.119582+03	93	2	\N
\.


--
-- Data for Name: patient_testresult; Type: TABLE DATA; Schema: public; Owner: tarxemo
--

COPY public.patient_testresult (id, result_file, notes, uploaded_at, laboratory_id, prescribed_test_id, test_order_id, patient_id) FROM stdin;
2	test_results/election_vote.csv	tested	2025-05-08 02:03:13.038484+03	1	1	3	\N
3		this is the result for tarxemo	2025-05-08 08:33:25.535649+03	1	\N	5	\N
4		deal done	2025-05-08 09:28:40.239283+03	1	\N	5	\N
5		fgfdsg	2025-05-08 09:35:16.56552+03	1	\N	5	\N
6		fsddfgsdfg	2025-05-08 09:38:06.428674+03	1	\N	5	90
7		he is suffering from disease as predicted	2025-05-08 09:48:31.043293+03	1	\N	6	92
8		ana malaria	2025-05-08 21:35:03.761015+03	1	\N	8	93
9		1x2 Fully	2025-05-08 21:54:39.468023+03	3	\N	9	93
\.


--
-- Name: authApp_customuser_groups_id_seq; Type: SEQUENCE SET; Schema: public; Owner: tarxemo
--

SELECT pg_catalog.setval('public."authApp_customuser_groups_id_seq"', 1, false);


--
-- Name: authApp_customuser_id_seq; Type: SEQUENCE SET; Schema: public; Owner: tarxemo
--

SELECT pg_catalog.setval('public."authApp_customuser_id_seq"', 160, true);


--
-- Name: authApp_customuser_user_permissions_id_seq; Type: SEQUENCE SET; Schema: public; Owner: tarxemo
--

SELECT pg_catalog.setval('public."authApp_customuser_user_permissions_id_seq"', 1, false);


--
-- Name: auth_group_id_seq; Type: SEQUENCE SET; Schema: public; Owner: tarxemo
--

SELECT pg_catalog.setval('public.auth_group_id_seq', 1, false);


--
-- Name: auth_group_permissions_id_seq; Type: SEQUENCE SET; Schema: public; Owner: tarxemo
--

SELECT pg_catalog.setval('public.auth_group_permissions_id_seq', 1, false);


--
-- Name: auth_permission_id_seq; Type: SEQUENCE SET; Schema: public; Owner: tarxemo
--

SELECT pg_catalog.setval('public.auth_permission_id_seq', 76, true);


--
-- Name: django_admin_log_id_seq; Type: SEQUENCE SET; Schema: public; Owner: tarxemo
--

SELECT pg_catalog.setval('public.django_admin_log_id_seq', 55, true);


--
-- Name: django_content_type_id_seq; Type: SEQUENCE SET; Schema: public; Owner: tarxemo
--

SELECT pg_catalog.setval('public.django_content_type_id_seq', 19, true);


--
-- Name: django_migrations_id_seq; Type: SEQUENCE SET; Schema: public; Owner: tarxemo
--

SELECT pg_catalog.setval('public.django_migrations_id_seq', 24, true);


--
-- Name: patient_appointment_id_seq; Type: SEQUENCE SET; Schema: public; Owner: tarxemo
--

SELECT pg_catalog.setval('public.patient_appointment_id_seq', 1, false);


--
-- Name: patient_consultation_id_seq; Type: SEQUENCE SET; Schema: public; Owner: tarxemo
--

SELECT pg_catalog.setval('public.patient_consultation_id_seq', 13, true);


--
-- Name: patient_consultation_symptoms_id_seq; Type: SEQUENCE SET; Schema: public; Owner: tarxemo
--

SELECT pg_catalog.setval('public.patient_consultation_symptoms_id_seq', 23, true);


--
-- Name: patient_disease_doctors_id_seq; Type: SEQUENCE SET; Schema: public; Owner: tarxemo
--

SELECT pg_catalog.setval('public.patient_disease_doctors_id_seq', 18, true);


--
-- Name: patient_disease_id_seq; Type: SEQUENCE SET; Schema: public; Owner: tarxemo
--

SELECT pg_catalog.setval('public.patient_disease_id_seq', 3, true);


--
-- Name: patient_disease_related_symptoms_id_seq; Type: SEQUENCE SET; Schema: public; Owner: tarxemo
--

SELECT pg_catalog.setval('public.patient_disease_related_symptoms_id_seq', 30, true);


--
-- Name: patient_doctor_id_seq; Type: SEQUENCE SET; Schema: public; Owner: tarxemo
--

SELECT pg_catalog.setval('public.patient_doctor_id_seq', 41, true);


--
-- Name: patient_laboratory_id_seq; Type: SEQUENCE SET; Schema: public; Owner: tarxemo
--

SELECT pg_catalog.setval('public.patient_laboratory_id_seq', 3, true);


--
-- Name: patient_labtech_id_seq; Type: SEQUENCE SET; Schema: public; Owner: tarxemo
--

SELECT pg_catalog.setval('public.patient_labtech_id_seq', 24, true);


--
-- Name: patient_medicaltest_id_seq; Type: SEQUENCE SET; Schema: public; Owner: tarxemo
--

SELECT pg_catalog.setval('public.patient_medicaltest_id_seq', 3, true);


--
-- Name: patient_patient_id_seq; Type: SEQUENCE SET; Schema: public; Owner: tarxemo
--

SELECT pg_catalog.setval('public.patient_patient_id_seq', 93, true);


--
-- Name: patient_prescribedtest_id_seq; Type: SEQUENCE SET; Schema: public; Owner: tarxemo
--

SELECT pg_catalog.setval('public.patient_prescribedtest_id_seq', 1, true);


--
-- Name: patient_prescribedtest_test_id_seq; Type: SEQUENCE SET; Schema: public; Owner: tarxemo
--

SELECT pg_catalog.setval('public.patient_prescribedtest_test_id_seq', 2, true);


--
-- Name: patient_prescription_id_seq; Type: SEQUENCE SET; Schema: public; Owner: tarxemo
--

SELECT pg_catalog.setval('public.patient_prescription_id_seq', 5, true);


--
-- Name: patient_symptom_id_seq; Type: SEQUENCE SET; Schema: public; Owner: tarxemo
--

SELECT pg_catalog.setval('public.patient_symptom_id_seq', 27, true);


--
-- Name: patient_testorder_id_seq; Type: SEQUENCE SET; Schema: public; Owner: tarxemo
--

SELECT pg_catalog.setval('public.patient_testorder_id_seq', 9, true);


--
-- Name: patient_testresult_id_seq; Type: SEQUENCE SET; Schema: public; Owner: tarxemo
--

SELECT pg_catalog.setval('public.patient_testresult_id_seq', 9, true);


--
-- Name: authApp_customuser_groups authApp_customuser_groups_customuser_id_group_id_8c145df4_uniq; Type: CONSTRAINT; Schema: public; Owner: tarxemo
--

ALTER TABLE ONLY public."authApp_customuser_groups"
    ADD CONSTRAINT "authApp_customuser_groups_customuser_id_group_id_8c145df4_uniq" UNIQUE (customuser_id, group_id);


--
-- Name: authApp_customuser_groups authApp_customuser_groups_pkey; Type: CONSTRAINT; Schema: public; Owner: tarxemo
--

ALTER TABLE ONLY public."authApp_customuser_groups"
    ADD CONSTRAINT "authApp_customuser_groups_pkey" PRIMARY KEY (id);


--
-- Name: authApp_customuser authApp_customuser_pkey; Type: CONSTRAINT; Schema: public; Owner: tarxemo
--

ALTER TABLE ONLY public."authApp_customuser"
    ADD CONSTRAINT "authApp_customuser_pkey" PRIMARY KEY (id);


--
-- Name: authApp_customuser_user_permissions authApp_customuser_user__customuser_id_permission_a96bd684_uniq; Type: CONSTRAINT; Schema: public; Owner: tarxemo
--

ALTER TABLE ONLY public."authApp_customuser_user_permissions"
    ADD CONSTRAINT "authApp_customuser_user__customuser_id_permission_a96bd684_uniq" UNIQUE (customuser_id, permission_id);


--
-- Name: authApp_customuser_user_permissions authApp_customuser_user_permissions_pkey; Type: CONSTRAINT; Schema: public; Owner: tarxemo
--

ALTER TABLE ONLY public."authApp_customuser_user_permissions"
    ADD CONSTRAINT "authApp_customuser_user_permissions_pkey" PRIMARY KEY (id);


--
-- Name: authApp_customuser authApp_customuser_username_key; Type: CONSTRAINT; Schema: public; Owner: tarxemo
--

ALTER TABLE ONLY public."authApp_customuser"
    ADD CONSTRAINT "authApp_customuser_username_key" UNIQUE (username);


--
-- Name: auth_group auth_group_name_key; Type: CONSTRAINT; Schema: public; Owner: tarxemo
--

ALTER TABLE ONLY public.auth_group
    ADD CONSTRAINT auth_group_name_key UNIQUE (name);


--
-- Name: auth_group_permissions auth_group_permissions_group_id_permission_id_0cd325b0_uniq; Type: CONSTRAINT; Schema: public; Owner: tarxemo
--

ALTER TABLE ONLY public.auth_group_permissions
    ADD CONSTRAINT auth_group_permissions_group_id_permission_id_0cd325b0_uniq UNIQUE (group_id, permission_id);


--
-- Name: auth_group_permissions auth_group_permissions_pkey; Type: CONSTRAINT; Schema: public; Owner: tarxemo
--

ALTER TABLE ONLY public.auth_group_permissions
    ADD CONSTRAINT auth_group_permissions_pkey PRIMARY KEY (id);


--
-- Name: auth_group auth_group_pkey; Type: CONSTRAINT; Schema: public; Owner: tarxemo
--

ALTER TABLE ONLY public.auth_group
    ADD CONSTRAINT auth_group_pkey PRIMARY KEY (id);


--
-- Name: auth_permission auth_permission_content_type_id_codename_01ab375a_uniq; Type: CONSTRAINT; Schema: public; Owner: tarxemo
--

ALTER TABLE ONLY public.auth_permission
    ADD CONSTRAINT auth_permission_content_type_id_codename_01ab375a_uniq UNIQUE (content_type_id, codename);


--
-- Name: auth_permission auth_permission_pkey; Type: CONSTRAINT; Schema: public; Owner: tarxemo
--

ALTER TABLE ONLY public.auth_permission
    ADD CONSTRAINT auth_permission_pkey PRIMARY KEY (id);


--
-- Name: django_admin_log django_admin_log_pkey; Type: CONSTRAINT; Schema: public; Owner: tarxemo
--

ALTER TABLE ONLY public.django_admin_log
    ADD CONSTRAINT django_admin_log_pkey PRIMARY KEY (id);


--
-- Name: django_content_type django_content_type_app_label_model_76bd3d3b_uniq; Type: CONSTRAINT; Schema: public; Owner: tarxemo
--

ALTER TABLE ONLY public.django_content_type
    ADD CONSTRAINT django_content_type_app_label_model_76bd3d3b_uniq UNIQUE (app_label, model);


--
-- Name: django_content_type django_content_type_pkey; Type: CONSTRAINT; Schema: public; Owner: tarxemo
--

ALTER TABLE ONLY public.django_content_type
    ADD CONSTRAINT django_content_type_pkey PRIMARY KEY (id);


--
-- Name: django_migrations django_migrations_pkey; Type: CONSTRAINT; Schema: public; Owner: tarxemo
--

ALTER TABLE ONLY public.django_migrations
    ADD CONSTRAINT django_migrations_pkey PRIMARY KEY (id);


--
-- Name: django_session django_session_pkey; Type: CONSTRAINT; Schema: public; Owner: tarxemo
--

ALTER TABLE ONLY public.django_session
    ADD CONSTRAINT django_session_pkey PRIMARY KEY (session_key);


--
-- Name: patient_appointment patient_appointment_pkey; Type: CONSTRAINT; Schema: public; Owner: tarxemo
--

ALTER TABLE ONLY public.patient_appointment
    ADD CONSTRAINT patient_appointment_pkey PRIMARY KEY (id);


--
-- Name: patient_consultation patient_consultation_pkey; Type: CONSTRAINT; Schema: public; Owner: tarxemo
--

ALTER TABLE ONLY public.patient_consultation
    ADD CONSTRAINT patient_consultation_pkey PRIMARY KEY (id);


--
-- Name: patient_consultation_symptoms patient_consultation_sym_consultation_id_symptom__74eae3fd_uniq; Type: CONSTRAINT; Schema: public; Owner: tarxemo
--

ALTER TABLE ONLY public.patient_consultation_symptoms
    ADD CONSTRAINT patient_consultation_sym_consultation_id_symptom__74eae3fd_uniq UNIQUE (consultation_id, symptom_id);


--
-- Name: patient_consultation_symptoms patient_consultation_symptoms_pkey; Type: CONSTRAINT; Schema: public; Owner: tarxemo
--

ALTER TABLE ONLY public.patient_consultation_symptoms
    ADD CONSTRAINT patient_consultation_symptoms_pkey PRIMARY KEY (id);


--
-- Name: patient_disease_doctors patient_disease_doctors_disease_id_doctor_id_fba553e1_uniq; Type: CONSTRAINT; Schema: public; Owner: tarxemo
--

ALTER TABLE ONLY public.patient_disease_doctors
    ADD CONSTRAINT patient_disease_doctors_disease_id_doctor_id_fba553e1_uniq UNIQUE (disease_id, doctor_id);


--
-- Name: patient_disease_doctors patient_disease_doctors_pkey; Type: CONSTRAINT; Schema: public; Owner: tarxemo
--

ALTER TABLE ONLY public.patient_disease_doctors
    ADD CONSTRAINT patient_disease_doctors_pkey PRIMARY KEY (id);


--
-- Name: patient_disease patient_disease_name_key; Type: CONSTRAINT; Schema: public; Owner: tarxemo
--

ALTER TABLE ONLY public.patient_disease
    ADD CONSTRAINT patient_disease_name_key UNIQUE (name);


--
-- Name: patient_disease patient_disease_pkey; Type: CONSTRAINT; Schema: public; Owner: tarxemo
--

ALTER TABLE ONLY public.patient_disease
    ADD CONSTRAINT patient_disease_pkey PRIMARY KEY (id);


--
-- Name: patient_disease_related_symptoms patient_disease_related__disease_id_symptom_id_1508ffa2_uniq; Type: CONSTRAINT; Schema: public; Owner: tarxemo
--

ALTER TABLE ONLY public.patient_disease_related_symptoms
    ADD CONSTRAINT patient_disease_related__disease_id_symptom_id_1508ffa2_uniq UNIQUE (disease_id, symptom_id);


--
-- Name: patient_disease_related_symptoms patient_disease_related_symptoms_pkey; Type: CONSTRAINT; Schema: public; Owner: tarxemo
--

ALTER TABLE ONLY public.patient_disease_related_symptoms
    ADD CONSTRAINT patient_disease_related_symptoms_pkey PRIMARY KEY (id);


--
-- Name: patient_doctor patient_doctor_license_number_key; Type: CONSTRAINT; Schema: public; Owner: tarxemo
--

ALTER TABLE ONLY public.patient_doctor
    ADD CONSTRAINT patient_doctor_license_number_key UNIQUE (license_number);


--
-- Name: patient_doctor patient_doctor_pkey; Type: CONSTRAINT; Schema: public; Owner: tarxemo
--

ALTER TABLE ONLY public.patient_doctor
    ADD CONSTRAINT patient_doctor_pkey PRIMARY KEY (id);


--
-- Name: patient_doctor patient_doctor_user_id_key; Type: CONSTRAINT; Schema: public; Owner: tarxemo
--

ALTER TABLE ONLY public.patient_doctor
    ADD CONSTRAINT patient_doctor_user_id_key UNIQUE (user_id);


--
-- Name: patient_laboratory patient_laboratory_accreditation_number_key; Type: CONSTRAINT; Schema: public; Owner: tarxemo
--

ALTER TABLE ONLY public.patient_laboratory
    ADD CONSTRAINT patient_laboratory_accreditation_number_key UNIQUE (accreditation_number);


--
-- Name: patient_laboratory patient_laboratory_pkey; Type: CONSTRAINT; Schema: public; Owner: tarxemo
--

ALTER TABLE ONLY public.patient_laboratory
    ADD CONSTRAINT patient_laboratory_pkey PRIMARY KEY (id);


--
-- Name: patient_labtech patient_labtech_license_number_key; Type: CONSTRAINT; Schema: public; Owner: tarxemo
--

ALTER TABLE ONLY public.patient_labtech
    ADD CONSTRAINT patient_labtech_license_number_key UNIQUE (license_number);


--
-- Name: patient_labtech patient_labtech_pkey; Type: CONSTRAINT; Schema: public; Owner: tarxemo
--

ALTER TABLE ONLY public.patient_labtech
    ADD CONSTRAINT patient_labtech_pkey PRIMARY KEY (id);


--
-- Name: patient_labtech patient_labtech_user_id_key; Type: CONSTRAINT; Schema: public; Owner: tarxemo
--

ALTER TABLE ONLY public.patient_labtech
    ADD CONSTRAINT patient_labtech_user_id_key UNIQUE (user_id);


--
-- Name: patient_medicaltest patient_medicaltest_pkey; Type: CONSTRAINT; Schema: public; Owner: tarxemo
--

ALTER TABLE ONLY public.patient_medicaltest
    ADD CONSTRAINT patient_medicaltest_pkey PRIMARY KEY (id);


--
-- Name: patient_patient patient_patient_pkey; Type: CONSTRAINT; Schema: public; Owner: tarxemo
--

ALTER TABLE ONLY public.patient_patient
    ADD CONSTRAINT patient_patient_pkey PRIMARY KEY (id);


--
-- Name: patient_patient patient_patient_user_id_key; Type: CONSTRAINT; Schema: public; Owner: tarxemo
--

ALTER TABLE ONLY public.patient_patient
    ADD CONSTRAINT patient_patient_user_id_key UNIQUE (user_id);


--
-- Name: patient_prescribedtest patient_prescribedtest_pkey; Type: CONSTRAINT; Schema: public; Owner: tarxemo
--

ALTER TABLE ONLY public.patient_prescribedtest
    ADD CONSTRAINT patient_prescribedtest_pkey PRIMARY KEY (id);


--
-- Name: patient_prescribedtest_test patient_prescribedtest_t_prescribedtest_id_medica_7ae20888_uniq; Type: CONSTRAINT; Schema: public; Owner: tarxemo
--

ALTER TABLE ONLY public.patient_prescribedtest_test
    ADD CONSTRAINT patient_prescribedtest_t_prescribedtest_id_medica_7ae20888_uniq UNIQUE (prescribedtest_id, medicaltest_id);


--
-- Name: patient_prescribedtest_test patient_prescribedtest_test_pkey; Type: CONSTRAINT; Schema: public; Owner: tarxemo
--

ALTER TABLE ONLY public.patient_prescribedtest_test
    ADD CONSTRAINT patient_prescribedtest_test_pkey PRIMARY KEY (id);


--
-- Name: patient_prescription patient_prescription_pkey; Type: CONSTRAINT; Schema: public; Owner: tarxemo
--

ALTER TABLE ONLY public.patient_prescription
    ADD CONSTRAINT patient_prescription_pkey PRIMARY KEY (id);


--
-- Name: patient_symptom patient_symptom_name_key; Type: CONSTRAINT; Schema: public; Owner: tarxemo
--

ALTER TABLE ONLY public.patient_symptom
    ADD CONSTRAINT patient_symptom_name_key UNIQUE (name);


--
-- Name: patient_symptom patient_symptom_pkey; Type: CONSTRAINT; Schema: public; Owner: tarxemo
--

ALTER TABLE ONLY public.patient_symptom
    ADD CONSTRAINT patient_symptom_pkey PRIMARY KEY (id);


--
-- Name: patient_testorder patient_testorder_order_id_key; Type: CONSTRAINT; Schema: public; Owner: tarxemo
--

ALTER TABLE ONLY public.patient_testorder
    ADD CONSTRAINT patient_testorder_order_id_key UNIQUE (order_id);


--
-- Name: patient_testorder patient_testorder_pkey; Type: CONSTRAINT; Schema: public; Owner: tarxemo
--

ALTER TABLE ONLY public.patient_testorder
    ADD CONSTRAINT patient_testorder_pkey PRIMARY KEY (id);


--
-- Name: patient_testresult patient_testresult_pkey; Type: CONSTRAINT; Schema: public; Owner: tarxemo
--

ALTER TABLE ONLY public.patient_testresult
    ADD CONSTRAINT patient_testresult_pkey PRIMARY KEY (id);


--
-- Name: patient_testresult patient_testresult_prescribed_test_id_key; Type: CONSTRAINT; Schema: public; Owner: tarxemo
--

ALTER TABLE ONLY public.patient_testresult
    ADD CONSTRAINT patient_testresult_prescribed_test_id_key UNIQUE (prescribed_test_id);


--
-- Name: authApp_customuser_groups_customuser_id_06fb111b; Type: INDEX; Schema: public; Owner: tarxemo
--

CREATE INDEX "authApp_customuser_groups_customuser_id_06fb111b" ON public."authApp_customuser_groups" USING btree (customuser_id);


--
-- Name: authApp_customuser_groups_group_id_4fdd046c; Type: INDEX; Schema: public; Owner: tarxemo
--

CREATE INDEX "authApp_customuser_groups_group_id_4fdd046c" ON public."authApp_customuser_groups" USING btree (group_id);


--
-- Name: authApp_customuser_user_permissions_customuser_id_48c7d24b; Type: INDEX; Schema: public; Owner: tarxemo
--

CREATE INDEX "authApp_customuser_user_permissions_customuser_id_48c7d24b" ON public."authApp_customuser_user_permissions" USING btree (customuser_id);


--
-- Name: authApp_customuser_user_permissions_permission_id_41dd02dd; Type: INDEX; Schema: public; Owner: tarxemo
--

CREATE INDEX "authApp_customuser_user_permissions_permission_id_41dd02dd" ON public."authApp_customuser_user_permissions" USING btree (permission_id);


--
-- Name: authApp_customuser_username_fc62106d_like; Type: INDEX; Schema: public; Owner: tarxemo
--

CREATE INDEX "authApp_customuser_username_fc62106d_like" ON public."authApp_customuser" USING btree (username varchar_pattern_ops);


--
-- Name: auth_group_name_a6ea08ec_like; Type: INDEX; Schema: public; Owner: tarxemo
--

CREATE INDEX auth_group_name_a6ea08ec_like ON public.auth_group USING btree (name varchar_pattern_ops);


--
-- Name: auth_group_permissions_group_id_b120cbf9; Type: INDEX; Schema: public; Owner: tarxemo
--

CREATE INDEX auth_group_permissions_group_id_b120cbf9 ON public.auth_group_permissions USING btree (group_id);


--
-- Name: auth_group_permissions_permission_id_84c5c92e; Type: INDEX; Schema: public; Owner: tarxemo
--

CREATE INDEX auth_group_permissions_permission_id_84c5c92e ON public.auth_group_permissions USING btree (permission_id);


--
-- Name: auth_permission_content_type_id_2f476e4b; Type: INDEX; Schema: public; Owner: tarxemo
--

CREATE INDEX auth_permission_content_type_id_2f476e4b ON public.auth_permission USING btree (content_type_id);


--
-- Name: django_admin_log_content_type_id_c4bce8eb; Type: INDEX; Schema: public; Owner: tarxemo
--

CREATE INDEX django_admin_log_content_type_id_c4bce8eb ON public.django_admin_log USING btree (content_type_id);


--
-- Name: django_admin_log_user_id_c564eba6; Type: INDEX; Schema: public; Owner: tarxemo
--

CREATE INDEX django_admin_log_user_id_c564eba6 ON public.django_admin_log USING btree (user_id);


--
-- Name: django_session_expire_date_a5c62663; Type: INDEX; Schema: public; Owner: tarxemo
--

CREATE INDEX django_session_expire_date_a5c62663 ON public.django_session USING btree (expire_date);


--
-- Name: django_session_session_key_c0390e0f_like; Type: INDEX; Schema: public; Owner: tarxemo
--

CREATE INDEX django_session_session_key_c0390e0f_like ON public.django_session USING btree (session_key varchar_pattern_ops);


--
-- Name: patient_appointment_doctor_id_c26ad40f; Type: INDEX; Schema: public; Owner: tarxemo
--

CREATE INDEX patient_appointment_doctor_id_c26ad40f ON public.patient_appointment USING btree (doctor_id);


--
-- Name: patient_appointment_patient_id_5003de55; Type: INDEX; Schema: public; Owner: tarxemo
--

CREATE INDEX patient_appointment_patient_id_5003de55 ON public.patient_appointment USING btree (patient_id);


--
-- Name: patient_consultation_disease_id_c29e5c79; Type: INDEX; Schema: public; Owner: tarxemo
--

CREATE INDEX patient_consultation_disease_id_c29e5c79 ON public.patient_consultation USING btree (disease_id);


--
-- Name: patient_consultation_doctor_id_f5fa3591; Type: INDEX; Schema: public; Owner: tarxemo
--

CREATE INDEX patient_consultation_doctor_id_f5fa3591 ON public.patient_consultation USING btree (doctor_id);


--
-- Name: patient_consultation_patient_id_cac0ba54; Type: INDEX; Schema: public; Owner: tarxemo
--

CREATE INDEX patient_consultation_patient_id_cac0ba54 ON public.patient_consultation USING btree (patient_id);


--
-- Name: patient_consultation_symptoms_consultation_id_bdc9e745; Type: INDEX; Schema: public; Owner: tarxemo
--

CREATE INDEX patient_consultation_symptoms_consultation_id_bdc9e745 ON public.patient_consultation_symptoms USING btree (consultation_id);


--
-- Name: patient_consultation_symptoms_symptom_id_0df42f0e; Type: INDEX; Schema: public; Owner: tarxemo
--

CREATE INDEX patient_consultation_symptoms_symptom_id_0df42f0e ON public.patient_consultation_symptoms USING btree (symptom_id);


--
-- Name: patient_disease_doctors_disease_id_dfc96f9f; Type: INDEX; Schema: public; Owner: tarxemo
--

CREATE INDEX patient_disease_doctors_disease_id_dfc96f9f ON public.patient_disease_doctors USING btree (disease_id);


--
-- Name: patient_disease_doctors_doctor_id_81c628d3; Type: INDEX; Schema: public; Owner: tarxemo
--

CREATE INDEX patient_disease_doctors_doctor_id_81c628d3 ON public.patient_disease_doctors USING btree (doctor_id);


--
-- Name: patient_disease_name_eb41edfb_like; Type: INDEX; Schema: public; Owner: tarxemo
--

CREATE INDEX patient_disease_name_eb41edfb_like ON public.patient_disease USING btree (name varchar_pattern_ops);


--
-- Name: patient_disease_related_symptoms_disease_id_c577f0f7; Type: INDEX; Schema: public; Owner: tarxemo
--

CREATE INDEX patient_disease_related_symptoms_disease_id_c577f0f7 ON public.patient_disease_related_symptoms USING btree (disease_id);


--
-- Name: patient_disease_related_symptoms_symptom_id_caf8d49e; Type: INDEX; Schema: public; Owner: tarxemo
--

CREATE INDEX patient_disease_related_symptoms_symptom_id_caf8d49e ON public.patient_disease_related_symptoms USING btree (symptom_id);


--
-- Name: patient_doctor_license_number_457d6a1f_like; Type: INDEX; Schema: public; Owner: tarxemo
--

CREATE INDEX patient_doctor_license_number_457d6a1f_like ON public.patient_doctor USING btree (license_number varchar_pattern_ops);


--
-- Name: patient_laboratory_accreditation_number_ad9d3cc0_like; Type: INDEX; Schema: public; Owner: tarxemo
--

CREATE INDEX patient_laboratory_accreditation_number_ad9d3cc0_like ON public.patient_laboratory USING btree (accreditation_number varchar_pattern_ops);


--
-- Name: patient_laboratory_lab_tech_id_22ea9d78; Type: INDEX; Schema: public; Owner: tarxemo
--

CREATE INDEX patient_laboratory_lab_tech_id_22ea9d78 ON public.patient_laboratory USING btree (lab_tech_id);


--
-- Name: patient_labtech_license_number_aa307a70_like; Type: INDEX; Schema: public; Owner: tarxemo
--

CREATE INDEX patient_labtech_license_number_aa307a70_like ON public.patient_labtech USING btree (license_number varchar_pattern_ops);


--
-- Name: patient_prescribedtest_consultation_id_8ea9004a; Type: INDEX; Schema: public; Owner: tarxemo
--

CREATE INDEX patient_prescribedtest_consultation_id_8ea9004a ON public.patient_prescribedtest USING btree (consultation_id);


--
-- Name: patient_prescribedtest_test_medicaltest_id_03b7e32d; Type: INDEX; Schema: public; Owner: tarxemo
--

CREATE INDEX patient_prescribedtest_test_medicaltest_id_03b7e32d ON public.patient_prescribedtest_test USING btree (medicaltest_id);


--
-- Name: patient_prescribedtest_test_prescribedtest_id_68ff2d2c; Type: INDEX; Schema: public; Owner: tarxemo
--

CREATE INDEX patient_prescribedtest_test_prescribedtest_id_68ff2d2c ON public.patient_prescribedtest_test USING btree (prescribedtest_id);


--
-- Name: patient_prescription_consultation_id_df50c304; Type: INDEX; Schema: public; Owner: tarxemo
--

CREATE INDEX patient_prescription_consultation_id_df50c304 ON public.patient_prescription USING btree (consultation_id);


--
-- Name: patient_prescription_doctor_id_ee542b89; Type: INDEX; Schema: public; Owner: tarxemo
--

CREATE INDEX patient_prescription_doctor_id_ee542b89 ON public.patient_prescription USING btree (doctor_id);


--
-- Name: patient_prescription_test_result_id_d4bca140; Type: INDEX; Schema: public; Owner: tarxemo
--

CREATE INDEX patient_prescription_test_result_id_d4bca140 ON public.patient_prescription USING btree (test_result_id);


--
-- Name: patient_symptom_name_a878b956_like; Type: INDEX; Schema: public; Owner: tarxemo
--

CREATE INDEX patient_symptom_name_a878b956_like ON public.patient_symptom USING btree (name varchar_pattern_ops);


--
-- Name: patient_testorder_doctor_id_f5dec91f; Type: INDEX; Schema: public; Owner: tarxemo
--

CREATE INDEX patient_testorder_doctor_id_f5dec91f ON public.patient_testorder USING btree (doctor_id);


--
-- Name: patient_testorder_order_id_d4d9ae0c_like; Type: INDEX; Schema: public; Owner: tarxemo
--

CREATE INDEX patient_testorder_order_id_d4d9ae0c_like ON public.patient_testorder USING btree (order_id varchar_pattern_ops);


--
-- Name: patient_testorder_patient_id_f2d12bb4; Type: INDEX; Schema: public; Owner: tarxemo
--

CREATE INDEX patient_testorder_patient_id_f2d12bb4 ON public.patient_testorder USING btree (patient_id);


--
-- Name: patient_testorder_test_type_id_468368e1; Type: INDEX; Schema: public; Owner: tarxemo
--

CREATE INDEX patient_testorder_test_type_id_468368e1 ON public.patient_testorder USING btree (test_type_id);


--
-- Name: patient_testresult_laboratory_id_c0415cf8; Type: INDEX; Schema: public; Owner: tarxemo
--

CREATE INDEX patient_testresult_laboratory_id_c0415cf8 ON public.patient_testresult USING btree (laboratory_id);


--
-- Name: patient_testresult_patient_id_75332b6d; Type: INDEX; Schema: public; Owner: tarxemo
--

CREATE INDEX patient_testresult_patient_id_75332b6d ON public.patient_testresult USING btree (patient_id);


--
-- Name: patient_testresult_test_order_id_511eaaef; Type: INDEX; Schema: public; Owner: tarxemo
--

CREATE INDEX patient_testresult_test_order_id_511eaaef ON public.patient_testresult USING btree (test_order_id);


--
-- Name: authApp_customuser_groups authApp_customuser_g_customuser_id_06fb111b_fk_authApp_c; Type: FK CONSTRAINT; Schema: public; Owner: tarxemo
--

ALTER TABLE ONLY public."authApp_customuser_groups"
    ADD CONSTRAINT "authApp_customuser_g_customuser_id_06fb111b_fk_authApp_c" FOREIGN KEY (customuser_id) REFERENCES public."authApp_customuser"(id) DEFERRABLE INITIALLY DEFERRED;


--
-- Name: authApp_customuser_groups authApp_customuser_groups_group_id_4fdd046c_fk_auth_group_id; Type: FK CONSTRAINT; Schema: public; Owner: tarxemo
--

ALTER TABLE ONLY public."authApp_customuser_groups"
    ADD CONSTRAINT "authApp_customuser_groups_group_id_4fdd046c_fk_auth_group_id" FOREIGN KEY (group_id) REFERENCES public.auth_group(id) DEFERRABLE INITIALLY DEFERRED;


--
-- Name: authApp_customuser_user_permissions authApp_customuser_u_customuser_id_48c7d24b_fk_authApp_c; Type: FK CONSTRAINT; Schema: public; Owner: tarxemo
--

ALTER TABLE ONLY public."authApp_customuser_user_permissions"
    ADD CONSTRAINT "authApp_customuser_u_customuser_id_48c7d24b_fk_authApp_c" FOREIGN KEY (customuser_id) REFERENCES public."authApp_customuser"(id) DEFERRABLE INITIALLY DEFERRED;


--
-- Name: authApp_customuser_user_permissions authApp_customuser_u_permission_id_41dd02dd_fk_auth_perm; Type: FK CONSTRAINT; Schema: public; Owner: tarxemo
--

ALTER TABLE ONLY public."authApp_customuser_user_permissions"
    ADD CONSTRAINT "authApp_customuser_u_permission_id_41dd02dd_fk_auth_perm" FOREIGN KEY (permission_id) REFERENCES public.auth_permission(id) DEFERRABLE INITIALLY DEFERRED;


--
-- Name: auth_group_permissions auth_group_permissio_permission_id_84c5c92e_fk_auth_perm; Type: FK CONSTRAINT; Schema: public; Owner: tarxemo
--

ALTER TABLE ONLY public.auth_group_permissions
    ADD CONSTRAINT auth_group_permissio_permission_id_84c5c92e_fk_auth_perm FOREIGN KEY (permission_id) REFERENCES public.auth_permission(id) DEFERRABLE INITIALLY DEFERRED;


--
-- Name: auth_group_permissions auth_group_permissions_group_id_b120cbf9_fk_auth_group_id; Type: FK CONSTRAINT; Schema: public; Owner: tarxemo
--

ALTER TABLE ONLY public.auth_group_permissions
    ADD CONSTRAINT auth_group_permissions_group_id_b120cbf9_fk_auth_group_id FOREIGN KEY (group_id) REFERENCES public.auth_group(id) DEFERRABLE INITIALLY DEFERRED;


--
-- Name: auth_permission auth_permission_content_type_id_2f476e4b_fk_django_co; Type: FK CONSTRAINT; Schema: public; Owner: tarxemo
--

ALTER TABLE ONLY public.auth_permission
    ADD CONSTRAINT auth_permission_content_type_id_2f476e4b_fk_django_co FOREIGN KEY (content_type_id) REFERENCES public.django_content_type(id) DEFERRABLE INITIALLY DEFERRED;


--
-- Name: django_admin_log django_admin_log_content_type_id_c4bce8eb_fk_django_co; Type: FK CONSTRAINT; Schema: public; Owner: tarxemo
--

ALTER TABLE ONLY public.django_admin_log
    ADD CONSTRAINT django_admin_log_content_type_id_c4bce8eb_fk_django_co FOREIGN KEY (content_type_id) REFERENCES public.django_content_type(id) DEFERRABLE INITIALLY DEFERRED;


--
-- Name: django_admin_log django_admin_log_user_id_c564eba6_fk_authApp_customuser_id; Type: FK CONSTRAINT; Schema: public; Owner: tarxemo
--

ALTER TABLE ONLY public.django_admin_log
    ADD CONSTRAINT "django_admin_log_user_id_c564eba6_fk_authApp_customuser_id" FOREIGN KEY (user_id) REFERENCES public."authApp_customuser"(id) DEFERRABLE INITIALLY DEFERRED;


--
-- Name: patient_appointment patient_appointment_doctor_id_c26ad40f_fk_patient_doctor_id; Type: FK CONSTRAINT; Schema: public; Owner: tarxemo
--

ALTER TABLE ONLY public.patient_appointment
    ADD CONSTRAINT patient_appointment_doctor_id_c26ad40f_fk_patient_doctor_id FOREIGN KEY (doctor_id) REFERENCES public.patient_doctor(id) DEFERRABLE INITIALLY DEFERRED;


--
-- Name: patient_appointment patient_appointment_patient_id_5003de55_fk_patient_patient_id; Type: FK CONSTRAINT; Schema: public; Owner: tarxemo
--

ALTER TABLE ONLY public.patient_appointment
    ADD CONSTRAINT patient_appointment_patient_id_5003de55_fk_patient_patient_id FOREIGN KEY (patient_id) REFERENCES public.patient_patient(id) DEFERRABLE INITIALLY DEFERRED;


--
-- Name: patient_consultation_symptoms patient_consultation_consultation_id_bdc9e745_fk_patient_c; Type: FK CONSTRAINT; Schema: public; Owner: tarxemo
--

ALTER TABLE ONLY public.patient_consultation_symptoms
    ADD CONSTRAINT patient_consultation_consultation_id_bdc9e745_fk_patient_c FOREIGN KEY (consultation_id) REFERENCES public.patient_consultation(id) DEFERRABLE INITIALLY DEFERRED;


--
-- Name: patient_consultation patient_consultation_disease_id_c29e5c79_fk_patient_disease_id; Type: FK CONSTRAINT; Schema: public; Owner: tarxemo
--

ALTER TABLE ONLY public.patient_consultation
    ADD CONSTRAINT patient_consultation_disease_id_c29e5c79_fk_patient_disease_id FOREIGN KEY (disease_id) REFERENCES public.patient_disease(id) DEFERRABLE INITIALLY DEFERRED;


--
-- Name: patient_consultation patient_consultation_doctor_id_f5fa3591_fk_patient_doctor_id; Type: FK CONSTRAINT; Schema: public; Owner: tarxemo
--

ALTER TABLE ONLY public.patient_consultation
    ADD CONSTRAINT patient_consultation_doctor_id_f5fa3591_fk_patient_doctor_id FOREIGN KEY (doctor_id) REFERENCES public.patient_doctor(id) DEFERRABLE INITIALLY DEFERRED;


--
-- Name: patient_consultation patient_consultation_patient_id_cac0ba54_fk_patient_patient_id; Type: FK CONSTRAINT; Schema: public; Owner: tarxemo
--

ALTER TABLE ONLY public.patient_consultation
    ADD CONSTRAINT patient_consultation_patient_id_cac0ba54_fk_patient_patient_id FOREIGN KEY (patient_id) REFERENCES public.patient_patient(id) DEFERRABLE INITIALLY DEFERRED;


--
-- Name: patient_consultation_symptoms patient_consultation_symptom_id_0df42f0e_fk_patient_s; Type: FK CONSTRAINT; Schema: public; Owner: tarxemo
--

ALTER TABLE ONLY public.patient_consultation_symptoms
    ADD CONSTRAINT patient_consultation_symptom_id_0df42f0e_fk_patient_s FOREIGN KEY (symptom_id) REFERENCES public.patient_symptom(id) DEFERRABLE INITIALLY DEFERRED;


--
-- Name: patient_disease_doctors patient_disease_doct_disease_id_dfc96f9f_fk_patient_d; Type: FK CONSTRAINT; Schema: public; Owner: tarxemo
--

ALTER TABLE ONLY public.patient_disease_doctors
    ADD CONSTRAINT patient_disease_doct_disease_id_dfc96f9f_fk_patient_d FOREIGN KEY (disease_id) REFERENCES public.patient_disease(id) DEFERRABLE INITIALLY DEFERRED;


--
-- Name: patient_disease_doctors patient_disease_doctors_doctor_id_81c628d3_fk_patient_doctor_id; Type: FK CONSTRAINT; Schema: public; Owner: tarxemo
--

ALTER TABLE ONLY public.patient_disease_doctors
    ADD CONSTRAINT patient_disease_doctors_doctor_id_81c628d3_fk_patient_doctor_id FOREIGN KEY (doctor_id) REFERENCES public.patient_doctor(id) DEFERRABLE INITIALLY DEFERRED;


--
-- Name: patient_disease_related_symptoms patient_disease_rela_disease_id_c577f0f7_fk_patient_d; Type: FK CONSTRAINT; Schema: public; Owner: tarxemo
--

ALTER TABLE ONLY public.patient_disease_related_symptoms
    ADD CONSTRAINT patient_disease_rela_disease_id_c577f0f7_fk_patient_d FOREIGN KEY (disease_id) REFERENCES public.patient_disease(id) DEFERRABLE INITIALLY DEFERRED;


--
-- Name: patient_disease_related_symptoms patient_disease_rela_symptom_id_caf8d49e_fk_patient_s; Type: FK CONSTRAINT; Schema: public; Owner: tarxemo
--

ALTER TABLE ONLY public.patient_disease_related_symptoms
    ADD CONSTRAINT patient_disease_rela_symptom_id_caf8d49e_fk_patient_s FOREIGN KEY (symptom_id) REFERENCES public.patient_symptom(id) DEFERRABLE INITIALLY DEFERRED;


--
-- Name: patient_doctor patient_doctor_user_id_0bd6a65f_fk_authApp_customuser_id; Type: FK CONSTRAINT; Schema: public; Owner: tarxemo
--

ALTER TABLE ONLY public.patient_doctor
    ADD CONSTRAINT "patient_doctor_user_id_0bd6a65f_fk_authApp_customuser_id" FOREIGN KEY (user_id) REFERENCES public."authApp_customuser"(id) DEFERRABLE INITIALLY DEFERRED;


--
-- Name: patient_laboratory patient_laboratory_lab_tech_id_22ea9d78_fk_patient_labtech_id; Type: FK CONSTRAINT; Schema: public; Owner: tarxemo
--

ALTER TABLE ONLY public.patient_laboratory
    ADD CONSTRAINT patient_laboratory_lab_tech_id_22ea9d78_fk_patient_labtech_id FOREIGN KEY (lab_tech_id) REFERENCES public.patient_labtech(id) DEFERRABLE INITIALLY DEFERRED;


--
-- Name: patient_labtech patient_labtech_user_id_c04d3ae1_fk_authApp_customuser_id; Type: FK CONSTRAINT; Schema: public; Owner: tarxemo
--

ALTER TABLE ONLY public.patient_labtech
    ADD CONSTRAINT "patient_labtech_user_id_c04d3ae1_fk_authApp_customuser_id" FOREIGN KEY (user_id) REFERENCES public."authApp_customuser"(id) DEFERRABLE INITIALLY DEFERRED;


--
-- Name: patient_patient patient_patient_user_id_40c1c82a_fk_authApp_customuser_id; Type: FK CONSTRAINT; Schema: public; Owner: tarxemo
--

ALTER TABLE ONLY public.patient_patient
    ADD CONSTRAINT "patient_patient_user_id_40c1c82a_fk_authApp_customuser_id" FOREIGN KEY (user_id) REFERENCES public."authApp_customuser"(id) DEFERRABLE INITIALLY DEFERRED;


--
-- Name: patient_prescribedtest patient_prescribedte_consultation_id_8ea9004a_fk_patient_c; Type: FK CONSTRAINT; Schema: public; Owner: tarxemo
--

ALTER TABLE ONLY public.patient_prescribedtest
    ADD CONSTRAINT patient_prescribedte_consultation_id_8ea9004a_fk_patient_c FOREIGN KEY (consultation_id) REFERENCES public.patient_consultation(id) DEFERRABLE INITIALLY DEFERRED;


--
-- Name: patient_prescribedtest_test patient_prescribedte_medicaltest_id_03b7e32d_fk_patient_m; Type: FK CONSTRAINT; Schema: public; Owner: tarxemo
--

ALTER TABLE ONLY public.patient_prescribedtest_test
    ADD CONSTRAINT patient_prescribedte_medicaltest_id_03b7e32d_fk_patient_m FOREIGN KEY (medicaltest_id) REFERENCES public.patient_medicaltest(id) DEFERRABLE INITIALLY DEFERRED;


--
-- Name: patient_prescribedtest_test patient_prescribedte_prescribedtest_id_68ff2d2c_fk_patient_p; Type: FK CONSTRAINT; Schema: public; Owner: tarxemo
--

ALTER TABLE ONLY public.patient_prescribedtest_test
    ADD CONSTRAINT patient_prescribedte_prescribedtest_id_68ff2d2c_fk_patient_p FOREIGN KEY (prescribedtest_id) REFERENCES public.patient_prescribedtest(id) DEFERRABLE INITIALLY DEFERRED;


--
-- Name: patient_prescription patient_prescription_consultation_id_df50c304_fk_patient_c; Type: FK CONSTRAINT; Schema: public; Owner: tarxemo
--

ALTER TABLE ONLY public.patient_prescription
    ADD CONSTRAINT patient_prescription_consultation_id_df50c304_fk_patient_c FOREIGN KEY (consultation_id) REFERENCES public.patient_consultation(id) DEFERRABLE INITIALLY DEFERRED;


--
-- Name: patient_prescription patient_prescription_doctor_id_ee542b89_fk_patient_doctor_id; Type: FK CONSTRAINT; Schema: public; Owner: tarxemo
--

ALTER TABLE ONLY public.patient_prescription
    ADD CONSTRAINT patient_prescription_doctor_id_ee542b89_fk_patient_doctor_id FOREIGN KEY (doctor_id) REFERENCES public.patient_doctor(id) DEFERRABLE INITIALLY DEFERRED;


--
-- Name: patient_prescription patient_prescription_test_result_id_d4bca140_fk_patient_t; Type: FK CONSTRAINT; Schema: public; Owner: tarxemo
--

ALTER TABLE ONLY public.patient_prescription
    ADD CONSTRAINT patient_prescription_test_result_id_d4bca140_fk_patient_t FOREIGN KEY (test_result_id) REFERENCES public.patient_testresult(id) DEFERRABLE INITIALLY DEFERRED;


--
-- Name: patient_testorder patient_testorder_doctor_id_f5dec91f_fk_patient_doctor_id; Type: FK CONSTRAINT; Schema: public; Owner: tarxemo
--

ALTER TABLE ONLY public.patient_testorder
    ADD CONSTRAINT patient_testorder_doctor_id_f5dec91f_fk_patient_doctor_id FOREIGN KEY (doctor_id) REFERENCES public.patient_doctor(id) DEFERRABLE INITIALLY DEFERRED;


--
-- Name: patient_testorder patient_testorder_patient_id_f2d12bb4_fk_patient_patient_id; Type: FK CONSTRAINT; Schema: public; Owner: tarxemo
--

ALTER TABLE ONLY public.patient_testorder
    ADD CONSTRAINT patient_testorder_patient_id_f2d12bb4_fk_patient_patient_id FOREIGN KEY (patient_id) REFERENCES public.patient_patient(id) DEFERRABLE INITIALLY DEFERRED;


--
-- Name: patient_testorder patient_testorder_test_type_id_468368e1_fk_patient_m; Type: FK CONSTRAINT; Schema: public; Owner: tarxemo
--

ALTER TABLE ONLY public.patient_testorder
    ADD CONSTRAINT patient_testorder_test_type_id_468368e1_fk_patient_m FOREIGN KEY (test_type_id) REFERENCES public.patient_medicaltest(id) DEFERRABLE INITIALLY DEFERRED;


--
-- Name: patient_testresult patient_testresult_laboratory_id_c0415cf8_fk_patient_l; Type: FK CONSTRAINT; Schema: public; Owner: tarxemo
--

ALTER TABLE ONLY public.patient_testresult
    ADD CONSTRAINT patient_testresult_laboratory_id_c0415cf8_fk_patient_l FOREIGN KEY (laboratory_id) REFERENCES public.patient_laboratory(id) DEFERRABLE INITIALLY DEFERRED;


--
-- Name: patient_testresult patient_testresult_patient_id_75332b6d_fk_patient_patient_id; Type: FK CONSTRAINT; Schema: public; Owner: tarxemo
--

ALTER TABLE ONLY public.patient_testresult
    ADD CONSTRAINT patient_testresult_patient_id_75332b6d_fk_patient_patient_id FOREIGN KEY (patient_id) REFERENCES public.patient_patient(id) DEFERRABLE INITIALLY DEFERRED;


--
-- Name: patient_testresult patient_testresult_prescribed_test_id_fc1f9b5e_fk_patient_p; Type: FK CONSTRAINT; Schema: public; Owner: tarxemo
--

ALTER TABLE ONLY public.patient_testresult
    ADD CONSTRAINT patient_testresult_prescribed_test_id_fc1f9b5e_fk_patient_p FOREIGN KEY (prescribed_test_id) REFERENCES public.patient_prescribedtest(id) DEFERRABLE INITIALLY DEFERRED;


--
-- Name: patient_testresult patient_testresult_test_order_id_511eaaef_fk_patient_t; Type: FK CONSTRAINT; Schema: public; Owner: tarxemo
--

ALTER TABLE ONLY public.patient_testresult
    ADD CONSTRAINT patient_testresult_test_order_id_511eaaef_fk_patient_t FOREIGN KEY (test_order_id) REFERENCES public.patient_testorder(id) DEFERRABLE INITIALLY DEFERRED;


--
-- PostgreSQL database dump complete
--

